-- phpMyAdmin SQL Dump
-- version 3.5.2.2
-- http://www.phpmyadmin.net
--
-- Servidor: localhost
-- Tempo de Geração: 28/03/2014 às 09:53:07
-- Versão do Servidor: 5.1.54-1ubuntu4
-- Versão do PHP: 5.3.5-1ubuntu7.4

SET SQL_MODE="NO_AUTO_VALUE_ON_ZERO";
SET time_zone = "+00:00";


/*!40101 SET @OLD_CHARACTER_SET_CLIENT=@@CHARACTER_SET_CLIENT */;
/*!40101 SET @OLD_CHARACTER_SET_RESULTS=@@CHARACTER_SET_RESULTS */;
/*!40101 SET @OLD_COLLATION_CONNECTION=@@COLLATION_CONNECTION */;
/*!40101 SET NAMES utf8 */;

--
-- Banco de Dados: `hom-accl-umdeus`
--

-- --------------------------------------------------------

--
-- Estrutura da tabela `tbSOCIALAssociation`
--

CREATE TABLE IF NOT EXISTS `tbSOCIALAssociation` (
  `id` int(11) NOT NULL AUTO_INCREMENT COMMENT 'campo auto numérico',
  `iType` int(11) NOT NULL COMMENT 'identifica o tipo de associação. 1=Friendship; 2=Page; 3=Post; 4=Comment; 5=Group; ',
  PRIMARY KEY (`id`)
) ENGINE=InnoDB  DEFAULT CHARSET=utf8 AUTO_INCREMENT=928 ;

--
-- Extraindo dados da tabela `tbSOCIALAssociation`
--

INSERT INTO `tbSOCIALAssociation` (`id`, `iType`) VALUES
(7, 1),
(29, 1),
(34, 1),
(36, 1),
(38, 1),
(40, 1),
(46, 1),
(47, 1),
(48, 1),
(57, 1),
(77, 1),
(80, 1),
(81, 1),
(126, 1),
(134, 1),
(233, 1),
(235, 1),
(384, 1),
(391, 1),
(418, 1),
(421, 1),
(693, 1),
(740, 1),
(748, 1),
(764, 1),
(816, 1),
(820, 3),
(822, 3),
(823, 9),
(824, 6),
(825, 12),
(826, 3),
(843, 7),
(844, 8),
(845, 6),
(846, 8),
(847, 8),
(848, 8),
(849, 8),
(850, 8),
(851, 8),
(852, 8),
(853, 8),
(854, 8),
(855, 8),
(856, 8),
(857, 8),
(858, 8),
(859, 8),
(860, 8),
(861, 8),
(862, 8),
(863, 8),
(864, 8),
(865, 8),
(866, 8),
(867, 8),
(868, 8),
(869, 8),
(870, 8),
(871, 7),
(872, 7),
(873, 7),
(874, 7),
(875, 7),
(876, 7),
(877, 7),
(879, 1),
(880, 8),
(881, 8),
(882, 8),
(883, 8),
(884, 3),
(885, 3),
(886, 3),
(887, 4),
(888, 3),
(889, 2),
(890, 3),
(891, 7),
(892, 7),
(893, 8),
(894, 7),
(895, 7),
(896, 7),
(897, 7),
(898, 5),
(899, 3),
(900, 3),
(901, 7),
(902, 7),
(903, 7),
(904, 7),
(905, 7),
(906, 7),
(907, 8),
(908, 8),
(909, 7),
(910, 8),
(911, 8),
(912, 8),
(913, 7),
(914, 7),
(915, 7),
(916, 12),
(917, 12),
(918, 12),
(919, 12),
(920, 12),
(921, 12),
(922, 1),
(923, 7),
(924, 12),
(925, 4),
(926, 12),
(927, 7);

-- --------------------------------------------------------

--
-- Estrutura da tabela `tbSOCIALListItem`
--

CREATE TABLE IF NOT EXISTS `tbSOCIALListItem` (
  `id` int(11) NOT NULL AUTO_INCREMENT COMMENT 'campo auto numérico',
  `idSOCIALProperty` int(11) NOT NULL COMMENT 'chave estrangeira da propriedade à qual o ítem se refere',
  PRIMARY KEY (`id`)
) ENGINE=InnoDB DEFAULT CHARSET=utf8 AUTO_INCREMENT=1 ;

-- --------------------------------------------------------

--
-- Estrutura da tabela `tbSOCIALObject`
--

CREATE TABLE IF NOT EXISTS `tbSOCIALObject` (
  `id` int(11) NOT NULL AUTO_INCREMENT COMMENT 'campo auto numérico',
  `sDisplayName` varchar(1024) NOT NULL COMMENT 'nome do objeto para exibição em tela',
  `sDirectLink` varchar(1024) DEFAULT NULL COMMENT 'nome usado para url amigável',
  `iType` int(11) NOT NULL COMMENT 'indica o tipo de objeto: 1=Profile; 2=Page; 3=Post; 4=Comment; 5=Group; 6=Message; 7=Event; 8=Album; 9=Photo; 10=Affinity',
  `tsCreation` timestamp NOT NULL DEFAULT CURRENT_TIMESTAMP COMMENT 'timestamp da data de criação do objeto',
  `fDeleted` int(11) NOT NULL DEFAULT '0',
  PRIMARY KEY (`id`)
) ENGINE=InnoDB  DEFAULT CHARSET=utf8 AUTO_INCREMENT=1018 ;

--
-- Extraindo dados da tabela `tbSOCIALObject`
--

INSERT INTO `tbSOCIALObject` (`id`, `sDisplayName`, `sDirectLink`, `iType`, `tsCreation`, `fDeleted`) VALUES
(1, 'Rafael Henrique', 'nome-de-exibicao', 1, '2011-11-01 03:33:31', 0),
(66, 'Diogo', 'nome-de-exibicao', 1, '2011-11-21 23:02:10', 0),
(70, 'Paulo', 'nome-de-exibicao', 1, '2011-11-21 23:52:03', 0),
(134, 'João Mazza', 'nome-de-exibicao', 1, '2011-12-03 01:07:11', 0),
(788, 'marcellobo original', '', 1, '2011-12-20 20:28:19', 0),
(913, 'Post', 'post', 3, '2011-12-26 18:52:17', 0),
(914, 'Post', 'post', 3, '2011-12-26 22:41:00', 1),
(915, 'Conversation', 'conversation', 11, '2011-12-26 23:14:32', 0),
(916, 'Message', 'message', 6, '2011-12-26 23:14:32', 0),
(917, 'Report', 'report', 12, '2011-12-27 00:12:43', 0),
(918, 'Post', 'post', 3, '2011-12-27 00:35:12', 0),
(935, 'Photo', 'photo', 9, '2011-12-27 01:54:18', 0),
(936, 'Fotos do Mural', 'fotos-do-mural', 8, '2011-12-27 01:54:18', 0),
(937, 'Message', 'message', 6, '2011-12-27 01:54:30', 0),
(938, 'Bino', '', 1, '2011-12-27 07:55:24', 0),
(939, 'Fotos do Bino e sua turminha do barulho', 'fotos do bino e sua turminha do barulho', 8, '2011-12-27 17:41:46', 0),
(940, 'Fotos do Bino e sua turminha do barulho', 'fotos do bino e sua turminha do barulho', 8, '2011-12-27 17:41:53', 0),
(941, 'Fotos do Bino e sua turminha do barulho', 'fotos do bino e sua turminha do barulho', 8, '2011-12-27 17:41:56', 0),
(942, 'Fotos do Bino e sua turminha do barulho', 'fotos do bino e sua turminha do barulho', 8, '2011-12-27 17:41:57', 0),
(943, 'Fotos do Bino e sua turminha do barulho', 'fotos do bino e sua turminha do barulho', 8, '2011-12-27 17:41:57', 0),
(944, 'Fotos do Bino e sua turminha do barulho', 'fotos do bino e sua turminha do barulho', 8, '2011-12-27 17:41:58', 0),
(945, 'Fotos do Bino e sua turminha do barulho', 'fotos do bino e sua turminha do barulho', 8, '2011-12-27 17:41:58', 0),
(946, 'Fotos do Bino e sua turminha do barulho', 'fotos do bino e sua turminha do barulho', 8, '2011-12-27 17:41:58', 0),
(947, 'Fotos do Bino e sua turminha do barulho', 'fotos do bino e sua turminha do barulho', 8, '2011-12-27 17:41:58', 0),
(948, 'Fotos do Bino e sua turminha do barulho', 'fotos do bino e sua turminha do barulho', 8, '2011-12-27 17:41:59', 0),
(949, 'Fotos do Bino e sua turminha do barulho', 'fotos do bino e sua turminha do barulho', 8, '2011-12-27 17:41:59', 0),
(950, 'Fotos do Bino e sua turminha do barulho', 'fotos do bino e sua turminha do barulho', 8, '2011-12-27 17:42:01', 0),
(951, 'Fotos do Bino e sua turminha do barulho', 'fotos do bino e sua turminha do barulho', 8, '2011-12-27 17:42:02', 0),
(952, 'Fotos do Bino e sua turminha do barulho', 'fotos do bino e sua turminha do barulho', 8, '2011-12-27 17:42:05', 0),
(953, 'Fotos do Bino e sua turminha do barulho', 'fotos do bino e sua turminha do barulho', 8, '2011-12-27 17:42:05', 0),
(954, 'Fotos do Bino e sua turminha do barulho', 'fotos do bino e sua turminha do barulho', 8, '2011-12-27 17:42:06', 0),
(955, 'Fotos do Bino e sua turminha do barulho', 'fotos do bino e sua turminha do barulho', 8, '2011-12-27 17:42:06', 0),
(956, 'Fotos do Bino e sua turminha do barulho', 'fotos do bino e sua turminha do barulho', 8, '2011-12-27 17:42:07', 0),
(957, 'Fotos do Bino e sua turminha do barulho', 'fotos do bino e sua turminha do barulho', 8, '2011-12-27 17:42:07', 0),
(958, 'Fotos do Bino e sua turminha do barulho', 'fotos do bino e sua turminha do barulho', 8, '2011-12-27 17:42:07', 0),
(959, 'Fotos do Bino e sua turminha do barulho', 'fotos do bino e sua turminha do barulho', 8, '2011-12-27 17:42:07', 0),
(960, 'Fotos do Bino e sua turminha do barulho', 'fotos do bino e sua turminha do barulho', 8, '2011-12-27 17:42:14', 0),
(961, 'Fotos do Bino e sua turminha do barulho', 'fotos do bino e sua turminha do barulho', 8, '2011-12-27 17:42:14', 0),
(962, 'Fotos do Bino e sua turminha do barulho', 'fotos do bino e sua turminha do barulho', 8, '2011-12-27 17:42:15', 0),
(963, 'Fotos do Bino e sua turminha do barulho', 'fotos do bino e sua turminha do barulho', 8, '2011-12-27 17:42:15', 0),
(964, 'Photo', 'photo', 9, '2011-12-27 17:44:03', 0),
(965, 'Photo', 'photo', 9, '2011-12-27 17:44:57', 0),
(966, 'Photo', 'photo', 9, '2011-12-27 17:45:49', 0),
(967, 'Photo', 'photo', 9, '2011-12-27 17:47:17', 0),
(968, 'Photo', 'photo', 9, '2011-12-27 17:47:40', 0),
(969, 'Photo', 'photo', 9, '2011-12-27 17:48:58', 0),
(970, 'Photo', 'photo', 9, '2011-12-27 17:54:53', 0),
(971, 'teste', 'teste', 8, '2011-12-27 17:59:39', 0),
(972, 'novo', 'novo', 8, '2011-12-27 17:59:48', 0),
(973, 'novo', 'novo', 8, '2011-12-27 17:59:49', 0),
(974, 'novo', 'novo', 8, '2011-12-27 17:59:50', 0),
(975, 'Post', 'post', 3, '2011-12-27 18:00:22', 0),
(976, 'Post', 'post', 3, '2011-12-27 18:00:25', 0),
(977, 'Post', 'post', 3, '2011-12-27 18:00:32', 0),
(978, 'Comment', 'comment', 4, '2011-12-27 18:00:42', 0),
(979, 'Post', 'post', 3, '2011-12-27 18:01:00', 0),
(980, 'Nome', 'Nome', 2, '2011-12-27 18:01:54', 0),
(981, 'Post', 'post', 3, '2011-12-27 18:02:18', 0),
(982, 'Photo', 'photo', 9, '2011-12-27 18:03:04', 0),
(983, 'Photo', 'photo', 9, '2011-12-27 18:06:54', 0),
(984, 'Fotos do Mural', 'fotos-do-mural', 8, '2011-12-27 18:06:54', 0),
(985, 'Photo', 'photo', 9, '2011-12-27 18:06:56', 0),
(986, 'Photo', 'photo', 9, '2011-12-27 18:08:05', 0),
(987, 'Photo', 'photo', 9, '2011-12-27 18:19:07', 0),
(988, 'Photo', 'photo', 9, '2011-12-27 18:31:01', 0),
(989, 'Novo Grupo', '', 5, '2011-12-27 18:31:19', 0),
(990, 'Post', 'post', 3, '2011-12-27 18:39:19', 0),
(991, 'Post', 'post', 3, '2011-12-27 18:51:27', 0),
(992, 'Photo', 'photo', 9, '2011-12-27 18:51:48', 0),
(993, 'Photo', 'photo', 9, '2011-12-27 19:02:50', 0),
(994, 'Photo', 'photo', 9, '2011-12-27 19:05:01', 0),
(995, 'Photo', 'photo', 9, '2011-12-27 19:09:45', 0),
(996, 'Photo', 'photo', 9, '2011-12-27 19:12:51', 0),
(997, 'Photo', 'photo', 9, '2011-12-27 19:18:41', 0),
(998, 'Fotos espaciais', 'fotos espaciais', 8, '2011-12-27 19:23:59', 0),
(999, 'Teste', 'teste', 8, '2011-12-27 19:28:48', 0),
(1000, 'Photo', 'photo', 9, '2011-12-27 19:30:48', 0),
(1001, 'Segundo Teste', 'segundo teste', 8, '2011-12-27 19:33:36', 0),
(1002, 'Terceiro Teste', 'terceiro teste', 8, '2011-12-27 19:33:59', 0),
(1003, 'Quarto teste', 'quarto teste', 8, '2011-12-27 19:35:22', 0),
(1004, 'Photo', 'photo', 9, '2011-12-27 19:36:47', 0),
(1005, 'Photo', 'photo', 9, '2011-12-27 19:38:02', 0),
(1006, 'Photo', 'photo', 9, '2011-12-27 19:39:12', 0),
(1007, 'Report', 'report', 12, '2011-12-27 19:41:59', 0),
(1008, 'Report', 'report', 12, '2011-12-27 19:42:06', 0),
(1009, 'Report', 'report', 12, '2011-12-27 19:42:12', 0),
(1010, 'Report', 'report', 12, '2011-12-27 19:42:19', 0),
(1011, 'Report', 'report', 12, '2011-12-27 19:42:26', 0),
(1012, 'Report', 'report', 12, '2011-12-27 19:42:33', 0),
(1013, 'Photo', 'photo', 9, '2011-12-27 19:51:53', 1),
(1014, 'Report', 'report', 12, '2011-12-27 19:53:06', 0),
(1015, 'Comment', 'comment', 4, '2011-12-27 19:54:44', 1),
(1016, 'Report', 'report', 12, '2011-12-27 19:54:58', 0),
(1017, 'Post', 'post', 9, '2013-09-09 22:55:38', 0);

-- --------------------------------------------------------

--
-- Estrutura da tabela `tbSOCIALObjectAssociation`
--

CREATE TABLE IF NOT EXISTS `tbSOCIALObjectAssociation` (
  `id` int(11) NOT NULL AUTO_INCREMENT COMMENT 'campo auto numérico',
  `iType` int(11) NOT NULL COMMENT 'indica o tipo de associação: 1=Friend; 2=InvitedFriend; 3=Object; 4=Owner; 5=Like; 6=Bookmark; 7=Follow; 8=REFERRED',
  `idSOCIALObject` int(11) NOT NULL COMMENT 'chave estrangeira do objeto',
  `idSOCIALAssociation` int(11) NOT NULL COMMENT 'chave estrangeira da associação',
  `tsCreation` timestamp NOT NULL DEFAULT CURRENT_TIMESTAMP COMMENT 'data de criação da associação',
  `tsLastUpdate` timestamp NULL DEFAULT '0000-00-00 00:00:00',
  `fAck` tinyint(4) NOT NULL DEFAULT '0',
  PRIMARY KEY (`id`)
) ENGINE=InnoDB  DEFAULT CHARSET=utf8 AUTO_INCREMENT=2536 ;

--
-- Extraindo dados da tabela `tbSOCIALObjectAssociation`
--

INSERT INTO `tbSOCIALObjectAssociation` (`id`, `iType`, `idSOCIALObject`, `idSOCIALAssociation`, `tsCreation`, `tsLastUpdate`, `fAck`) VALUES
(2, 4, 1, 1, '2011-11-01 03:34:16', '0000-00-00 00:00:00', 1),
(3, 8, 1, 1, '2011-11-01 03:34:16', '0000-00-00 00:00:00', 1),
(13, 8, 1, 5, '2011-11-01 03:37:27', '0000-00-00 00:00:00', 1),
(15, 4, 1, 6, '2011-11-01 03:37:57', '0000-00-00 00:00:00', 1),
(20, 4, 1, 8, '2011-11-01 04:31:50', '0000-00-00 00:00:00', 1),
(23, 4, 1, 9, '2011-11-01 04:32:47', '0000-00-00 00:00:00', 1),
(26, 4, 1, 10, '2011-11-01 04:45:03', '0000-00-00 00:00:00', 1),
(29, 4, 1, 11, '2011-11-01 04:47:40', '0000-00-00 00:00:00', 1),
(33, 8, 1, 12, '2011-11-01 04:48:15', '0000-00-00 00:00:00', 1),
(40, 4, 1, 15, '2011-11-01 17:07:39', '0000-00-00 00:00:00', 1),
(56, 4, 1, 21, '2011-11-01 17:43:54', '0000-00-00 00:00:00', 1),
(58, 4, 1, 22, '2011-11-01 18:11:24', '0000-00-00 00:00:00', 1),
(61, 4, 1, 23, '2011-11-01 18:12:14', '0000-00-00 00:00:00', 1),
(64, 4, 1, 24, '2011-11-01 18:12:54', '0000-00-00 00:00:00', 1),
(67, 4, 1, 25, '2011-11-01 20:05:57', '0000-00-00 00:00:00', 1),
(69, 4, 1, 26, '2011-11-01 20:57:46', '0000-00-00 00:00:00', 1),
(81, 1, 1, 29, '2011-11-01 23:06:57', '2011-11-01 23:07:35', 1),
(83, 4, 1, 30, '2011-11-01 23:07:50', '0000-00-00 00:00:00', 1),
(92, 2, 1, 33, '2011-11-01 23:14:26', '0000-00-00 00:00:00', 1),
(93, 1, 1, 34, '2011-11-01 23:16:41', '0000-00-00 00:00:00', 1),
(98, 1, 1, 36, '2011-11-02 00:07:46', '0000-00-00 00:00:00', 1),
(102, 1, 1, 38, '2011-11-02 00:08:59', '0000-00-00 00:00:00', 1),
(106, 7, 1, 39, '2011-11-02 00:58:01', '0000-00-00 00:00:00', 1),
(109, 1, 1, 40, '2011-11-02 03:22:04', '2011-11-02 03:22:18', 1),
(111, 4, 1, 41, '2011-11-02 04:05:14', '0000-00-00 00:00:00', 1),
(114, 4, 1, 42, '2011-11-02 04:08:08', '0000-00-00 00:00:00', 1),
(119, 4, 1, 44, '2011-11-03 19:11:17', '0000-00-00 00:00:00', 1),
(170, 8, 1, 62, '2011-11-04 18:39:52', '0000-00-00 00:00:00', 1),
(175, 4, 1, 64, '2011-11-04 20:24:23', '0000-00-00 00:00:00', 1),
(178, 4, 1, 65, '2011-11-04 21:48:22', '0000-00-00 00:00:00', 1),
(179, 8, 1, 65, '2011-11-04 21:48:22', '0000-00-00 00:00:00', 1),
(181, 4, 1, 66, '2011-11-04 21:57:58', '0000-00-00 00:00:00', 1),
(186, 4, 1, 68, '2011-11-04 21:59:09', '0000-00-00 00:00:00', 1),
(188, 1, 1, 69, '2011-11-04 23:51:51', '0000-00-00 00:00:00', 1),
(191, 4, 1, 70, '2011-11-04 23:52:09', '0000-00-00 00:00:00', 1),
(192, 8, 1, 70, '2011-11-04 23:52:09', '0000-00-00 00:00:00', 1),
(194, 4, 1, 71, '2011-11-05 02:56:39', '0000-00-00 00:00:00', 1),
(195, 8, 1, 71, '2011-11-05 02:56:39', '0000-00-00 00:00:00', 1),
(197, 4, 1, 72, '2011-11-07 23:59:24', '0000-00-00 00:00:00', 1),
(198, 8, 1, 72, '2011-11-07 23:59:24', '0000-00-00 00:00:00', 1),
(200, 1, 1, 73, '2011-11-21 22:46:20', '2011-11-21 22:55:03', 1),
(203, 4, 1, 74, '2011-11-21 22:57:50', '0000-00-00 00:00:00', 1),
(206, 4, 66, 75, '2011-11-21 23:06:04', '0000-00-00 00:00:00', 1),
(207, 8, 66, 75, '2011-11-21 23:06:04', '0000-00-00 00:00:00', 1),
(209, 4, 1, 76, '2011-11-21 23:06:17', '0000-00-00 00:00:00', 1),
(210, 8, 66, 76, '2011-11-21 23:06:17', '0000-00-00 00:00:00', 1),
(211, 1, 1, 77, '2011-11-21 23:09:13', '0000-00-00 00:00:00', 1),
(212, 1, 66, 77, '2011-11-21 23:09:13', '2011-11-21 23:09:47', 1),
(213, 1, 66, 78, '2011-11-21 23:14:04', '0000-00-00 00:00:00', 1),
(217, 1, 66, 80, '2011-11-22 00:04:21', '0000-00-00 00:00:00', 1),
(219, 7, 66, 79, '2011-11-22 00:08:33', '0000-00-00 00:00:00', 1),
(220, 1, 66, 81, '2011-11-22 00:24:16', '0000-00-00 00:00:00', 1),
(221, 1, 70, 81, '2011-11-22 00:24:16', '2011-11-22 23:33:00', 1),
(223, 4, 66, 82, '2011-11-22 00:25:16', '0000-00-00 00:00:00', 1),
(224, 8, 70, 82, '2011-11-22 00:25:16', '0000-00-00 00:00:00', 1),
(226, 4, 66, 83, '2011-11-22 00:28:35', '0000-00-00 00:00:00', 1),
(228, 4, 1, 84, '2011-11-25 19:28:38', '0000-00-00 00:00:00', 1),
(229, 8, 1, 84, '2011-11-25 19:28:38', '0000-00-00 00:00:00', 1),
(231, 4, 1, 85, '2011-11-25 19:29:03', '0000-00-00 00:00:00', 1),
(232, 8, 1, 85, '2011-11-25 19:29:03', '0000-00-00 00:00:00', 1),
(234, 4, 1, 86, '2011-11-25 19:37:27', '0000-00-00 00:00:00', 1),
(235, 8, 1, 86, '2011-11-25 19:37:27', '0000-00-00 00:00:00', 1),
(237, 4, 1, 87, '2011-11-25 20:14:26', '0000-00-00 00:00:00', 1),
(238, 8, 1, 87, '2011-11-25 20:14:26', '0000-00-00 00:00:00', 1),
(240, 4, 1, 88, '2011-11-25 20:14:59', '0000-00-00 00:00:00', 1),
(243, 4, 1, 89, '2011-11-26 01:52:07', '0000-00-00 00:00:00', 1),
(246, 4, 1, 90, '2011-11-26 01:52:35', '0000-00-00 00:00:00', 1),
(249, 4, 1, 91, '2011-11-26 02:14:58', '0000-00-00 00:00:00', 1),
(250, 8, 1, 91, '2011-11-26 02:14:58', '0000-00-00 00:00:00', 1),
(252, 4, 1, 92, '2011-11-26 02:15:19', '0000-00-00 00:00:00', 1),
(253, 8, 1, 92, '2011-11-26 02:15:19', '0000-00-00 00:00:00', 1),
(255, 4, 70, 93, '2011-11-28 18:29:49', '0000-00-00 00:00:00', 1),
(256, 8, 1, 93, '2011-11-28 18:29:49', '0000-00-00 00:00:00', 1),
(258, 4, 70, 94, '2011-11-30 17:08:40', '0000-00-00 00:00:00', 1),
(259, 8, 66, 94, '2011-11-30 17:08:40', '0000-00-00 00:00:00', 1),
(261, 4, 70, 95, '2011-11-30 17:26:21', '0000-00-00 00:00:00', 1),
(264, 4, 70, 96, '2011-11-30 17:28:04', '0000-00-00 00:00:00', 1),
(265, 8, 66, 96, '2011-11-30 17:28:04', '0000-00-00 00:00:00', 1),
(267, 4, 70, 97, '2011-11-30 17:28:25', '0000-00-00 00:00:00', 1),
(268, 8, 66, 97, '2011-11-30 17:28:25', '0000-00-00 00:00:00', 1),
(270, 4, 70, 98, '2011-11-30 17:30:23', '0000-00-00 00:00:00', 1),
(273, 4, 70, 99, '2011-11-30 17:30:56', '0000-00-00 00:00:00', 1),
(276, 4, 1, 100, '2011-11-30 20:20:01', '0000-00-00 00:00:00', 1),
(277, 8, 1, 100, '2011-11-30 20:20:01', '0000-00-00 00:00:00', 1),
(279, 4, 1, 101, '2011-11-30 20:20:19', '0000-00-00 00:00:00', 1),
(280, 8, 1, 101, '2011-11-30 20:20:19', '0000-00-00 00:00:00', 1),
(282, 4, 1, 102, '2011-11-30 23:48:41', '0000-00-00 00:00:00', 1),
(283, 8, 1, 102, '2011-11-30 23:48:41', '0000-00-00 00:00:00', 1),
(285, 4, 1, 103, '2011-12-01 03:11:32', '0000-00-00 00:00:00', 1),
(288, 4, 1, 104, '2011-12-01 03:12:39', '0000-00-00 00:00:00', 1),
(289, 8, 70, 104, '2011-12-01 03:12:39', '0000-00-00 00:00:00', 1),
(291, 4, 1, 105, '2011-12-01 21:07:39', '0000-00-00 00:00:00', 1),
(292, 8, 1, 105, '2011-12-01 21:07:39', '0000-00-00 00:00:00', 1),
(294, 4, 1, 106, '2011-12-01 22:07:09', '0000-00-00 00:00:00', 1),
(295, 8, 1, 106, '2011-12-01 22:07:09', '0000-00-00 00:00:00', 1),
(297, 4, 1, 107, '2011-12-01 22:07:38', '0000-00-00 00:00:00', 1),
(298, 8, 1, 107, '2011-12-01 22:07:38', '0000-00-00 00:00:00', 1),
(300, 4, 1, 108, '2011-12-01 22:18:16', '0000-00-00 00:00:00', 1),
(301, 8, 1, 108, '2011-12-01 22:18:16', '0000-00-00 00:00:00', 1),
(303, 4, 1, 109, '2011-12-01 22:19:36', '0000-00-00 00:00:00', 1),
(304, 8, 1, 109, '2011-12-01 22:19:36', '0000-00-00 00:00:00', 1),
(306, 4, 1, 110, '2011-12-01 23:17:41', '0000-00-00 00:00:00', 1),
(307, 8, 1, 110, '2011-12-01 23:17:41', '0000-00-00 00:00:00', 1),
(309, 4, 1, 111, '2011-12-01 23:23:34', '0000-00-00 00:00:00', 1),
(310, 8, 1, 111, '2011-12-01 23:23:34', '0000-00-00 00:00:00', 1),
(312, 4, 1, 112, '2011-12-01 23:24:00', '0000-00-00 00:00:00', 1),
(313, 8, 1, 112, '2011-12-01 23:24:00', '0000-00-00 00:00:00', 1),
(315, 4, 1, 113, '2011-12-01 23:24:40', '0000-00-00 00:00:00', 1),
(316, 8, 1, 113, '2011-12-01 23:24:40', '0000-00-00 00:00:00', 1),
(318, 4, 1, 114, '2011-12-02 00:05:21', '0000-00-00 00:00:00', 1),
(321, 4, 1, 115, '2011-12-02 00:53:20', '0000-00-00 00:00:00', 1),
(324, 4, 1, 116, '2011-12-02 01:00:57', '0000-00-00 00:00:00', 1),
(325, 8, 1, 116, '2011-12-02 01:00:57', '0000-00-00 00:00:00', 1),
(327, 4, 1, 117, '2011-12-02 01:08:27', '0000-00-00 00:00:00', 1),
(328, 8, 1, 117, '2011-12-02 01:08:27', '0000-00-00 00:00:00', 1),
(330, 4, 1, 118, '2011-12-02 01:10:00', '0000-00-00 00:00:00', 1),
(331, 8, 1, 118, '2011-12-02 01:10:00', '0000-00-00 00:00:00', 1),
(333, 4, 1, 119, '2011-12-02 01:10:18', '0000-00-00 00:00:00', 1),
(334, 8, 1, 119, '2011-12-02 01:10:18', '0000-00-00 00:00:00', 1),
(336, 4, 1, 120, '2011-12-02 01:10:32', '0000-00-00 00:00:00', 1),
(339, 4, 1, 121, '2011-12-02 01:10:53', '0000-00-00 00:00:00', 1),
(340, 8, 1, 121, '2011-12-02 01:10:53', '0000-00-00 00:00:00', 1),
(342, 4, 1, 122, '2011-12-02 02:06:55', '0000-00-00 00:00:00', 1),
(343, 8, 66, 122, '2011-12-02 02:06:55', '0000-00-00 00:00:00', 1),
(345, 4, 1, 123, '2011-12-02 20:23:05', '0000-00-00 00:00:00', 1),
(346, 8, 1, 123, '2011-12-02 20:23:05', '0000-00-00 00:00:00', 1),
(348, 4, 1, 124, '2011-12-02 20:36:36', '0000-00-00 00:00:00', 1),
(351, 4, 1, 125, '2011-12-02 20:37:07', '0000-00-00 00:00:00', 1),
(353, 1, 134, 126, '2011-12-03 01:10:16', '0000-00-00 00:00:00', 1),
(354, 1, 1, 126, '2011-12-03 01:10:16', '2011-12-15 22:51:18', 1),
(356, 4, 134, 127, '2011-12-03 01:10:53', '0000-00-00 00:00:00', 1),
(359, 4, 134, 128, '2011-12-03 01:11:53', '0000-00-00 00:00:00', 1),
(360, 8, 134, 128, '2011-12-03 01:11:53', '0000-00-00 00:00:00', 1),
(361, 7, 134, 55, '2011-12-03 01:12:33', '0000-00-00 00:00:00', 1),
(363, 4, 70, 129, '2011-12-03 20:11:15', '0000-00-00 00:00:00', 1),
(364, 8, 66, 129, '2011-12-03 20:11:15', '0000-00-00 00:00:00', 1),
(366, 4, 70, 130, '2011-12-03 20:12:13', '0000-00-00 00:00:00', 1),
(367, 8, 66, 130, '2011-12-03 20:12:13', '0000-00-00 00:00:00', 1),
(369, 4, 70, 131, '2011-12-03 20:12:28', '0000-00-00 00:00:00', 1),
(372, 4, 70, 132, '2011-12-03 20:13:49', '0000-00-00 00:00:00', 1),
(373, 8, 1, 132, '2011-12-03 20:13:49', '0000-00-00 00:00:00', 1),
(375, 4, 134, 133, '2011-12-05 17:46:45', '0000-00-00 00:00:00', 1),
(377, 1, 134, 134, '2011-12-05 18:21:41', '0000-00-00 00:00:00', 1),
(445, 4, 1, 158, '2011-12-06 17:16:14', '0000-00-00 00:00:00', 1),
(451, 4, 1, 160, '2011-12-06 17:16:53', '0000-00-00 00:00:00', 1),
(452, 8, 1, 160, '2011-12-06 17:16:53', '0000-00-00 00:00:00', 1),
(454, 4, 1, 161, '2011-12-06 17:17:21', '0000-00-00 00:00:00', 1),
(455, 8, 1, 161, '2011-12-06 17:17:21', '0000-00-00 00:00:00', 1),
(457, 4, 1, 162, '2011-12-06 17:17:37', '0000-00-00 00:00:00', 1),
(458, 8, 1, 162, '2011-12-06 17:17:37', '0000-00-00 00:00:00', 1),
(481, 4, 1, 170, '2011-12-06 22:44:39', '0000-00-00 00:00:00', 1),
(482, 8, 1, 170, '2011-12-06 22:44:39', '0000-00-00 00:00:00', 1),
(484, 4, 1, 171, '2011-12-06 23:05:16', '0000-00-00 00:00:00', 1),
(485, 8, 1, 171, '2011-12-06 23:05:16', '0000-00-00 00:00:00', 1),
(487, 4, 1, 172, '2011-12-06 23:06:26', '0000-00-00 00:00:00', 1),
(488, 8, 1, 172, '2011-12-06 23:06:26', '0000-00-00 00:00:00', 1),
(490, 4, 1, 173, '2011-12-06 23:07:03', '0000-00-00 00:00:00', 1),
(491, 8, 1, 173, '2011-12-06 23:07:03', '0000-00-00 00:00:00', 1),
(493, 4, 1, 174, '2011-12-06 23:11:04', '0000-00-00 00:00:00', 1),
(494, 8, 1, 174, '2011-12-06 23:11:04', '0000-00-00 00:00:00', 1),
(496, 4, 1, 175, '2011-12-06 23:22:48', '0000-00-00 00:00:00', 1),
(497, 8, 1, 175, '2011-12-06 23:22:48', '0000-00-00 00:00:00', 1),
(499, 4, 1, 176, '2011-12-06 23:23:01', '0000-00-00 00:00:00', 1),
(500, 8, 1, 176, '2011-12-06 23:23:01', '0000-00-00 00:00:00', 1),
(502, 4, 1, 177, '2011-12-06 23:24:39', '0000-00-00 00:00:00', 1),
(503, 8, 1, 177, '2011-12-06 23:24:39', '0000-00-00 00:00:00', 1),
(505, 4, 1, 197, '2011-12-07 01:28:38', '0000-00-00 00:00:00', 1),
(506, 8, 1, 197, '2011-12-07 01:28:38', '0000-00-00 00:00:00', 1),
(508, 4, 1, 198, '2011-12-07 01:34:52', '0000-00-00 00:00:00', 1),
(509, 8, 1, 198, '2011-12-07 01:34:52', '0000-00-00 00:00:00', 1),
(511, 4, 1, 199, '2011-12-07 01:37:51', '0000-00-00 00:00:00', 1),
(512, 8, 1, 199, '2011-12-07 01:37:51', '0000-00-00 00:00:00', 1),
(514, 4, 1, 200, '2011-12-07 01:47:52', '0000-00-00 00:00:00', 1),
(515, 8, 1, 200, '2011-12-07 01:47:52', '0000-00-00 00:00:00', 1),
(517, 4, 1, 201, '2011-12-07 01:51:09', '0000-00-00 00:00:00', 1),
(518, 8, 1, 201, '2011-12-07 01:51:09', '0000-00-00 00:00:00', 1),
(520, 4, 1, 202, '2011-12-07 01:53:43', '0000-00-00 00:00:00', 1),
(521, 8, 1, 202, '2011-12-07 01:53:43', '0000-00-00 00:00:00', 1),
(523, 4, 1, 203, '2011-12-07 01:54:43', '0000-00-00 00:00:00', 1),
(524, 8, 1, 203, '2011-12-07 01:54:43', '0000-00-00 00:00:00', 1),
(526, 4, 1, 204, '2011-12-07 02:15:28', '0000-00-00 00:00:00', 1),
(527, 8, 1, 204, '2011-12-07 02:15:28', '0000-00-00 00:00:00', 1),
(529, 4, 1, 205, '2011-12-07 02:26:05', '0000-00-00 00:00:00', 1),
(530, 8, 1, 205, '2011-12-07 02:26:05', '0000-00-00 00:00:00', 1),
(532, 4, 1, 207, '2011-12-07 02:27:55', '0000-00-00 00:00:00', 1),
(533, 8, 1, 207, '2011-12-07 02:27:55', '0000-00-00 00:00:00', 1),
(535, 4, 1, 209, '2011-12-07 02:34:32', '0000-00-00 00:00:00', 1),
(536, 8, 1, 209, '2011-12-07 02:34:32', '0000-00-00 00:00:00', 1),
(538, 4, 1, 210, '2011-12-07 02:38:26', '0000-00-00 00:00:00', 1),
(539, 8, 1, 210, '2011-12-07 02:38:26', '0000-00-00 00:00:00', 1),
(541, 4, 1, 211, '2011-12-07 02:46:53', '0000-00-00 00:00:00', 1),
(542, 8, 1, 211, '2011-12-07 02:46:53', '0000-00-00 00:00:00', 1),
(544, 4, 1, 212, '2011-12-07 02:47:54', '0000-00-00 00:00:00', 1),
(545, 8, 1, 212, '2011-12-07 02:47:54', '0000-00-00 00:00:00', 1),
(547, 4, 1, 213, '2011-12-07 02:58:06', '0000-00-00 00:00:00', 1),
(548, 8, 1, 213, '2011-12-07 02:58:06', '0000-00-00 00:00:00', 1),
(550, 4, 1, 214, '2011-12-07 03:05:02', '0000-00-00 00:00:00', 1),
(551, 8, 1, 214, '2011-12-07 03:05:02', '0000-00-00 00:00:00', 1),
(553, 4, 1, 215, '2011-12-07 03:06:04', '0000-00-00 00:00:00', 1),
(556, 4, 1, 216, '2011-12-07 03:06:37', '0000-00-00 00:00:00', 1),
(559, 4, 1, 217, '2011-12-07 03:06:52', '0000-00-00 00:00:00', 1),
(562, 4, 1, 218, '2011-12-07 03:07:35', '0000-00-00 00:00:00', 1),
(563, 8, 134, 218, '2011-12-07 03:07:35', '0000-00-00 00:00:00', 1),
(565, 4, 1, 219, '2011-12-07 03:09:52', '0000-00-00 00:00:00', 1),
(566, 8, 1, 219, '2011-12-07 03:09:52', '0000-00-00 00:00:00', 1),
(568, 4, 1, 220, '2011-12-07 03:12:01', '0000-00-00 00:00:00', 1),
(569, 8, 1, 220, '2011-12-07 03:12:01', '0000-00-00 00:00:00', 1),
(571, 4, 1, 221, '2011-12-07 03:12:46', '0000-00-00 00:00:00', 1),
(572, 8, 1, 221, '2011-12-07 03:12:46', '0000-00-00 00:00:00', 1),
(574, 4, 1, 222, '2011-12-07 03:13:12', '0000-00-00 00:00:00', 1),
(577, 4, 1, 223, '2011-12-07 03:15:02', '0000-00-00 00:00:00', 1),
(580, 4, 1, 224, '2011-12-07 03:31:53', '0000-00-00 00:00:00', 1),
(581, 8, 1, 224, '2011-12-07 03:31:53', '0000-00-00 00:00:00', 1),
(583, 4, 1, 225, '2011-12-07 03:37:01', '0000-00-00 00:00:00', 1),
(584, 8, 1, 225, '2011-12-07 03:37:01', '0000-00-00 00:00:00', 1),
(586, 4, 1, 226, '2011-12-07 03:38:30', '0000-00-00 00:00:00', 1),
(587, 8, 1, 226, '2011-12-07 03:38:30', '0000-00-00 00:00:00', 1),
(589, 4, 1, 227, '2011-12-07 03:38:59', '0000-00-00 00:00:00', 1),
(592, 4, 1, 228, '2011-12-07 03:43:23', '0000-00-00 00:00:00', 1),
(593, 8, 1, 228, '2011-12-07 03:43:23', '0000-00-00 00:00:00', 1),
(595, 4, 1, 229, '2011-12-07 03:44:41', '0000-00-00 00:00:00', 1),
(596, 8, 1, 229, '2011-12-07 03:44:41', '0000-00-00 00:00:00', 1),
(598, 4, 1, 230, '2011-12-07 03:46:08', '0000-00-00 00:00:00', 1),
(599, 8, 1, 230, '2011-12-07 03:46:08', '0000-00-00 00:00:00', 1),
(601, 4, 1, 231, '2011-12-07 04:15:07', '0000-00-00 00:00:00', 1),
(602, 8, 134, 231, '2011-12-07 04:15:07', '0000-00-00 00:00:00', 1),
(606, 1, 134, 233, '2011-12-07 18:10:12', '0000-00-00 00:00:00', 1),
(608, 1, 134, 234, '2011-12-07 18:10:38', '0000-00-00 00:00:00', 1),
(610, 1, 134, 235, '2011-12-07 18:10:53', '0000-00-00 00:00:00', 1),
(613, 4, 134, 236, '2011-12-07 18:13:01', '0000-00-00 00:00:00', 1),
(616, 4, 134, 237, '2011-12-07 18:13:31', '0000-00-00 00:00:00', 1),
(619, 4, 1, 238, '2011-12-07 19:01:46', '0000-00-00 00:00:00', 1),
(620, 8, 1, 238, '2011-12-07 19:01:46', '0000-00-00 00:00:00', 1),
(622, 4, 1, 239, '2011-12-07 19:02:55', '0000-00-00 00:00:00', 1),
(623, 8, 1, 239, '2011-12-07 19:02:55', '0000-00-00 00:00:00', 1),
(625, 4, 1, 240, '2011-12-07 19:02:55', '0000-00-00 00:00:00', 1),
(631, 4, 1, 245, '2011-12-07 20:23:27', '0000-00-00 00:00:00', 1),
(632, 8, 1, 245, '2011-12-07 20:23:27', '0000-00-00 00:00:00', 1),
(634, 4, 1, 246, '2011-12-07 20:23:27', '0000-00-00 00:00:00', 1),
(646, 4, 134, 251, '2011-12-07 20:28:01', '0000-00-00 00:00:00', 1),
(649, 4, 134, 252, '2011-12-07 20:28:01', '0000-00-00 00:00:00', 1),
(652, 4, 134, 253, '2011-12-07 20:29:19', '0000-00-00 00:00:00', 1),
(653, 8, 134, 253, '2011-12-07 20:29:19', '0000-00-00 00:00:00', 1),
(655, 4, 134, 254, '2011-12-07 20:29:42', '0000-00-00 00:00:00', 1),
(656, 8, 134, 254, '2011-12-07 20:29:42', '0000-00-00 00:00:00', 1),
(658, 4, 134, 255, '2011-12-07 20:29:42', '0000-00-00 00:00:00', 1),
(661, 4, 134, 256, '2011-12-07 20:29:50', '0000-00-00 00:00:00', 1),
(662, 8, 134, 256, '2011-12-07 20:29:50', '0000-00-00 00:00:00', 1),
(664, 4, 1, 257, '2011-12-07 20:30:31', '0000-00-00 00:00:00', 1),
(703, 4, 1, 270, '2011-12-07 20:44:57', '0000-00-00 00:00:00', 1),
(704, 8, 1, 270, '2011-12-07 20:44:57', '0000-00-00 00:00:00', 1),
(706, 4, 1, 271, '2011-12-07 20:44:57', '0000-00-00 00:00:00', 1),
(709, 4, 1, 272, '2011-12-07 20:47:57', '0000-00-00 00:00:00', 1),
(710, 8, 1, 272, '2011-12-07 20:47:57', '0000-00-00 00:00:00', 1),
(712, 4, 1, 273, '2011-12-07 20:52:49', '0000-00-00 00:00:00', 1),
(713, 8, 1, 273, '2011-12-07 20:52:49', '0000-00-00 00:00:00', 1),
(715, 4, 1, 274, '2011-12-07 20:52:49', '0000-00-00 00:00:00', 1),
(733, 4, 1, 280, '2011-12-07 20:55:12', '0000-00-00 00:00:00', 1),
(734, 8, 1, 280, '2011-12-07 20:55:12', '0000-00-00 00:00:00', 1),
(736, 4, 1, 281, '2011-12-07 20:55:33', '0000-00-00 00:00:00', 1),
(737, 8, 1, 281, '2011-12-07 20:55:33', '0000-00-00 00:00:00', 1),
(739, 4, 1, 282, '2011-12-07 20:55:43', '0000-00-00 00:00:00', 1),
(740, 8, 1, 282, '2011-12-07 20:55:43', '0000-00-00 00:00:00', 1),
(748, 4, 1, 285, '2011-12-07 20:56:30', '0000-00-00 00:00:00', 1),
(749, 8, 1, 285, '2011-12-07 20:56:30', '0000-00-00 00:00:00', 1),
(751, 4, 1, 286, '2011-12-07 20:56:30', '0000-00-00 00:00:00', 1),
(757, 4, 1, 288, '2011-12-07 20:56:49', '0000-00-00 00:00:00', 1),
(758, 8, 1, 288, '2011-12-07 20:56:49', '0000-00-00 00:00:00', 1),
(763, 4, 1, 290, '2011-12-07 20:57:01', '0000-00-00 00:00:00', 1),
(764, 8, 1, 290, '2011-12-07 20:57:01', '0000-00-00 00:00:00', 1),
(766, 4, 1, 291, '2011-12-07 20:58:48', '0000-00-00 00:00:00', 1),
(767, 8, 1, 291, '2011-12-07 20:58:48', '0000-00-00 00:00:00', 1),
(769, 4, 1, 292, '2011-12-07 20:58:48', '0000-00-00 00:00:00', 1),
(787, 4, 1, 298, '2011-12-07 21:17:59', '0000-00-00 00:00:00', 1),
(788, 8, 1, 298, '2011-12-07 21:17:59', '0000-00-00 00:00:00', 1),
(790, 4, 1, 299, '2011-12-07 21:17:59', '0000-00-00 00:00:00', 1),
(793, 4, 1, 300, '2011-12-07 21:22:48', '0000-00-00 00:00:00', 1),
(794, 8, 1, 300, '2011-12-07 21:22:48', '0000-00-00 00:00:00', 1),
(796, 4, 1, 301, '2011-12-07 21:22:48', '0000-00-00 00:00:00', 1),
(799, 4, 1, 302, '2011-12-07 21:26:59', '0000-00-00 00:00:00', 1),
(800, 8, 1, 302, '2011-12-07 21:26:59', '0000-00-00 00:00:00', 1),
(802, 4, 1, 303, '2011-12-07 21:26:59', '0000-00-00 00:00:00', 1),
(805, 4, 1, 304, '2011-12-07 21:28:15', '0000-00-00 00:00:00', 1),
(806, 8, 1, 304, '2011-12-07 21:28:15', '0000-00-00 00:00:00', 1),
(808, 4, 1, 305, '2011-12-07 21:28:15', '0000-00-00 00:00:00', 1),
(856, 4, 1, 321, '2011-12-08 01:14:15', '0000-00-00 00:00:00', 1),
(857, 8, 1, 321, '2011-12-08 01:14:15', '0000-00-00 00:00:00', 1),
(860, 4, 1, 322, '2011-12-08 01:16:08', '0000-00-00 00:00:00', 1),
(861, 8, 1, 322, '2011-12-08 01:16:08', '0000-00-00 00:00:00', 1),
(864, 4, 1, 323, '2011-12-08 01:17:53', '0000-00-00 00:00:00', 1),
(865, 8, 1, 323, '2011-12-08 01:17:53', '0000-00-00 00:00:00', 1),
(868, 4, 1, 324, '2011-12-08 01:22:31', '0000-00-00 00:00:00', 1),
(869, 8, 1, 324, '2011-12-08 01:22:31', '0000-00-00 00:00:00', 1),
(872, 4, 1, 325, '2011-12-08 02:13:24', '0000-00-00 00:00:00', 1),
(875, 4, 1, 326, '2011-12-08 02:32:42', '0000-00-00 00:00:00', 1),
(876, 8, 1, 326, '2011-12-08 02:32:42', '0000-00-00 00:00:00', 1),
(879, 4, 1, 327, '2011-12-08 02:45:37', '0000-00-00 00:00:00', 1),
(882, 4, 1, 328, '2011-12-08 02:49:07', '0000-00-00 00:00:00', 1),
(885, 4, 1, 329, '2011-12-08 02:50:08', '0000-00-00 00:00:00', 1),
(888, 4, 1, 330, '2011-12-08 02:52:43', '0000-00-00 00:00:00', 1),
(891, 4, 1, 331, '2011-12-08 02:53:48', '0000-00-00 00:00:00', 1),
(894, 4, 1, 332, '2011-12-08 02:54:16', '0000-00-00 00:00:00', 1),
(897, 4, 1, 333, '2011-12-08 02:54:29', '0000-00-00 00:00:00', 1),
(900, 4, 1, 334, '2011-12-08 03:12:52', '0000-00-00 00:00:00', 1),
(903, 4, 1, 335, '2011-12-08 03:13:09', '0000-00-00 00:00:00', 1),
(906, 1, 134, 336, '2011-12-08 17:12:27', '2011-12-13 18:29:19', 1),
(908, 4, 1, 337, '2011-12-08 18:03:30', '0000-00-00 00:00:00', 1),
(909, 8, 1, 337, '2011-12-08 18:03:30', '0000-00-00 00:00:00', 1),
(912, 4, 1, 338, '2011-12-08 18:16:05', '0000-00-00 00:00:00', 1),
(913, 8, 1, 338, '2011-12-08 18:16:05', '0000-00-00 00:00:00', 1),
(916, 4, 1, 339, '2011-12-08 18:43:17', '0000-00-00 00:00:00', 1),
(920, 4, 1, 340, '2011-12-08 18:45:43', '0000-00-00 00:00:00', 1),
(923, 4, 1, 341, '2011-12-08 18:46:32', '0000-00-00 00:00:00', 1),
(926, 4, 1, 342, '2011-12-08 18:53:41', '0000-00-00 00:00:00', 1),
(930, 4, 1, 343, '2011-12-08 19:12:06', '0000-00-00 00:00:00', 1),
(931, 8, 1, 343, '2011-12-08 19:12:06', '0000-00-00 00:00:00', 1),
(934, 4, 1, 344, '2011-12-08 19:13:05', '0000-00-00 00:00:00', 1),
(938, 4, 1, 345, '2011-12-08 23:07:52', '0000-00-00 00:00:00', 1),
(940, 4, 1, 346, '2011-12-08 23:59:50', '0000-00-00 00:00:00', 1),
(943, 4, 1, 347, '2011-12-09 00:00:15', '0000-00-00 00:00:00', 1),
(946, 4, 1, 348, '2011-12-09 00:14:56', '0000-00-00 00:00:00', 1),
(947, 8, 1, 348, '2011-12-09 00:14:56', '0000-00-00 00:00:00', 1),
(950, 4, 1, 350, '2011-12-09 02:11:47', '0000-00-00 00:00:00', 1),
(954, 4, 1, 351, '2011-12-09 02:12:38', '0000-00-00 00:00:00', 1),
(958, 4, 1, 352, '2011-12-09 02:13:13', '0000-00-00 00:00:00', 1),
(961, 4, 1, 353, '2011-12-09 04:11:25', '0000-00-00 00:00:00', 1),
(965, 4, 1, 354, '2011-12-09 04:11:42', '0000-00-00 00:00:00', 1),
(968, 4, 1, 355, '2011-12-09 04:36:30', '0000-00-00 00:00:00', 1),
(971, 4, 134, 356, '2011-12-09 08:38:25', '0000-00-00 00:00:00', 1),
(974, 4, 1, 357, '2011-12-09 19:53:07', '0000-00-00 00:00:00', 1),
(975, 8, 1, 357, '2011-12-09 19:53:07', '0000-00-00 00:00:00', 1),
(977, 4, 1, 358, '2011-12-09 19:53:34', '0000-00-00 00:00:00', 1),
(978, 8, 1, 358, '2011-12-09 19:53:34', '0000-00-00 00:00:00', 1),
(980, 4, 1, 359, '2011-12-09 20:21:42', '0000-00-00 00:00:00', 1),
(983, 4, 1, 360, '2011-12-09 20:21:46', '0000-00-00 00:00:00', 1),
(1003, 4, 134, 366, '2011-12-10 01:26:33', '0000-00-00 00:00:00', 1),
(1004, 8, 134, 366, '2011-12-10 01:26:33', '0000-00-00 00:00:00', 1),
(1006, 4, 134, 367, '2011-12-10 01:26:47', '0000-00-00 00:00:00', 1),
(1007, 8, 134, 367, '2011-12-10 01:26:47', '0000-00-00 00:00:00', 1),
(1018, 4, 1, 371, '2011-12-10 23:11:22', '0000-00-00 00:00:00', 1),
(1021, 4, 1, 372, '2011-12-10 23:40:20', '0000-00-00 00:00:00', 1),
(1022, 8, 1, 372, '2011-12-10 23:40:20', '0000-00-00 00:00:00', 1),
(1024, 4, 1, 373, '2011-12-10 23:40:27', '0000-00-00 00:00:00', 1),
(1025, 8, 1, 373, '2011-12-10 23:40:27', '0000-00-00 00:00:00', 1),
(1027, 4, 1, 374, '2011-12-10 23:54:06', '0000-00-00 00:00:00', 1),
(1028, 8, 1, 374, '2011-12-10 23:54:06', '0000-00-00 00:00:00', 1),
(1030, 4, 1, 375, '2011-12-10 23:54:47', '0000-00-00 00:00:00', 1),
(1031, 8, 1, 375, '2011-12-10 23:54:47', '0000-00-00 00:00:00', 1),
(1035, 8, 1, 376, '2011-12-11 01:20:15', '0000-00-00 00:00:00', 1),
(1038, 8, 1, 377, '2011-12-11 01:20:20', '0000-00-00 00:00:00', 1),
(1040, 4, 1, 378, '2011-12-11 01:22:23', '0000-00-00 00:00:00', 1),
(1141, 1, 1, 418, '2011-12-12 04:22:07', '2011-12-12 04:22:32', 1),
(1150, 1, 1, 421, '2011-12-12 04:42:10', '2011-12-12 04:42:25', 1),
(1241, 4, 1, 440, '2011-12-13 00:42:18', '0000-00-00 00:00:00', 1),
(1244, 4, 1, 441, '2011-12-13 00:57:27', '0000-00-00 00:00:00', 1),
(1247, 4, 1, 442, '2011-12-13 01:21:49', '0000-00-00 00:00:00', 1),
(1250, 4, 1, 443, '2011-12-13 02:52:48', '0000-00-00 00:00:00', 1),
(1287, 4, 1, 554, '2011-12-14 02:07:35', '0000-00-00 00:00:00', 1),
(1291, 4, 1, 555, '2011-12-14 03:27:52', '0000-00-00 00:00:00', 1),
(1294, 4, 1, 556, '2011-12-14 03:40:49', '0000-00-00 00:00:00', 1),
(1299, 4, 1, 557, '2011-12-14 03:42:33', '0000-00-00 00:00:00', 1),
(1302, 4, 1, 558, '2011-12-14 04:02:26', '0000-00-00 00:00:00', 1),
(1305, 4, 1, 559, '2011-12-14 04:07:19', '0000-00-00 00:00:00', 1),
(1308, 4, 1, 560, '2011-12-14 04:10:26', '0000-00-00 00:00:00', 1),
(1311, 4, 1, 561, '2011-12-14 04:15:43', '0000-00-00 00:00:00', 1),
(1316, 14, 66, 561, '2011-12-14 04:15:43', '0000-00-00 00:00:00', 1),
(1320, 4, 1, 562, '2011-12-14 04:18:37', '0000-00-00 00:00:00', 1),
(1323, 4, 1, 563, '2011-12-14 04:23:59', '0000-00-00 00:00:00', 1),
(1326, 4, 1, 564, '2011-12-14 04:28:07', '0000-00-00 00:00:00', 1),
(1329, 4, 1, 565, '2011-12-14 04:29:05', '0000-00-00 00:00:00', 1),
(1332, 4, 1, 566, '2011-12-14 04:30:35', '0000-00-00 00:00:00', 1),
(1335, 4, 1, 567, '2011-12-14 04:32:01', '0000-00-00 00:00:00', 1),
(1361, 4, 1, 575, '2011-12-14 22:59:42', '0000-00-00 00:00:00', 1),
(1364, 4, 1, 576, '2011-12-14 23:00:48', '0000-00-00 00:00:00', 1),
(1365, 8, 1, 576, '2011-12-14 23:00:48', '0000-00-00 00:00:00', 1),
(1367, 4, 1, 577, '2011-12-14 23:00:51', '0000-00-00 00:00:00', 1),
(1368, 8, 1, 577, '2011-12-14 23:00:51', '0000-00-00 00:00:00', 1),
(1370, 4, 1, 578, '2011-12-14 23:01:17', '0000-00-00 00:00:00', 1),
(1373, 4, 1, 579, '2011-12-14 23:16:27', '0000-00-00 00:00:00', 1),
(1375, 5, 1, 579, '2011-12-15 01:33:50', '0000-00-00 00:00:00', 1),
(1378, 5, 1, 343, '2011-12-15 02:28:06', '0000-00-00 00:00:00', 1),
(1379, 5, 1, 375, '2011-12-15 02:59:18', '0000-00-00 00:00:00', 1),
(1381, 5, 1, 370, '2011-12-15 03:12:31', '0000-00-00 00:00:00', 1),
(1383, 5, 1, 577, '2011-12-15 03:13:46', '0000-00-00 00:00:00', 1),
(1386, 4, 1, 580, '2011-12-15 03:25:26', '0000-00-00 00:00:00', 1),
(1387, 8, 1, 580, '2011-12-15 03:25:26', '0000-00-00 00:00:00', 1),
(1389, 4, 1, 581, '2011-12-15 03:25:50', '0000-00-00 00:00:00', 1),
(1390, 8, 1, 581, '2011-12-15 03:25:50', '0000-00-00 00:00:00', 1),
(1392, 4, 1, 582, '2011-12-15 03:26:04', '0000-00-00 00:00:00', 1),
(1395, 5, 1, 581, '2011-12-15 03:30:29', '0000-00-00 00:00:00', 1),
(1397, 4, 1, 583, '2011-12-15 03:30:48', '0000-00-00 00:00:00', 1),
(1399, 5, 1, 583, '2011-12-15 03:34:36', '0000-00-00 00:00:00', 1),
(1400, 5, 1, 354, '2011-12-15 03:34:51', '0000-00-00 00:00:00', 1),
(1401, 5, 1, 361, '2011-12-15 03:35:44', '0000-00-00 00:00:00', 1),
(1403, 4, 1, 584, '2011-12-15 05:42:15', '0000-00-00 00:00:00', 1),
(1407, 4, 1, 585, '2011-12-15 05:50:18', '0000-00-00 00:00:00', 1),
(1409, 5, 1, 584, '2011-12-15 06:08:15', '0000-00-00 00:00:00', 1),
(1453, 15, 1, 602, '2011-12-15 21:08:43', '0000-00-00 00:00:00', 1),
(1455, 11, 1, 603, '2011-12-15 21:08:43', '0000-00-00 00:00:00', 1),
(1460, 12, 1, 604, '2011-12-15 22:35:47', '0000-00-00 00:00:00', 1),
(1463, 11, 1, 605, '2011-12-15 22:45:44', '0000-00-00 00:00:00', 1),
(1468, 12, 1, 606, '2011-12-15 22:47:22', '0000-00-00 00:00:00', 1),
(1472, 15, 1, 607, '2011-12-15 22:49:39', '0000-00-00 00:00:00', 1),
(1474, 11, 1, 608, '2011-12-15 22:49:39', '0000-00-00 00:00:00', 1),
(1479, 15, 1, 609, '2011-12-15 22:52:32', '0000-00-00 00:00:00', 1),
(1480, 15, 134, 609, '2011-12-15 22:52:32', '0000-00-00 00:00:00', 1),
(1482, 11, 1, 610, '2011-12-15 22:52:32', '0000-00-00 00:00:00', 1),
(1483, 12, 134, 610, '2011-12-15 22:52:32', '0000-00-00 00:00:00', 1),
(1487, 11, 134, 611, '2011-12-15 22:58:22', '0000-00-00 00:00:00', 1),
(1489, 12, 1, 611, '2011-12-15 22:58:22', '0000-00-00 00:00:00', 1),
(1492, 11, 1, 612, '2011-12-15 23:02:30', '0000-00-00 00:00:00', 1),
(1493, 12, 134, 612, '2011-12-15 23:02:30', '0000-00-00 00:00:00', 1),
(1496, 5, 1, 130, '2011-12-16 02:02:29', '0000-00-00 00:00:00', 1),
(1497, 5, 1, 367, '2011-12-16 02:14:45', '0000-00-00 00:00:00', 1),
(1499, 15, 134, 613, '2011-12-16 20:12:05', '0000-00-00 00:00:00', 1),
(1500, 15, 1, 613, '2011-12-16 20:12:05', '0000-00-00 00:00:00', 1),
(1503, 11, 134, 614, '2011-12-16 20:12:05', '0000-00-00 00:00:00', 1),
(1504, 12, 1, 614, '2011-12-16 20:12:05', '0000-00-00 00:00:00', 1),
(1510, 15, 134, 615, '2011-12-16 20:48:34', '0000-00-00 00:00:00', 1),
(1513, 11, 134, 616, '2011-12-16 20:48:34', '0000-00-00 00:00:00', 1),
(1519, 15, 134, 617, '2011-12-16 20:48:37', '0000-00-00 00:00:00', 1),
(1522, 11, 134, 618, '2011-12-16 20:48:37', '0000-00-00 00:00:00', 1),
(1528, 15, 134, 619, '2011-12-16 20:49:50', '0000-00-00 00:00:00', 1),
(1531, 11, 134, 620, '2011-12-16 20:49:50', '0000-00-00 00:00:00', 1),
(1536, 11, 134, 621, '2011-12-16 20:50:10', '0000-00-00 00:00:00', 1),
(1541, 11, 134, 622, '2011-12-16 20:50:45', '0000-00-00 00:00:00', 1),
(1546, 11, 134, 623, '2011-12-16 20:54:47', '0000-00-00 00:00:00', 1),
(1551, 11, 134, 624, '2011-12-16 20:56:20', '0000-00-00 00:00:00', 1),
(1557, 15, 134, 625, '2011-12-16 20:56:35', '0000-00-00 00:00:00', 1),
(1558, 15, 1, 625, '2011-12-16 20:56:35', '0000-00-00 00:00:00', 1),
(1561, 11, 134, 626, '2011-12-16 20:56:35', '0000-00-00 00:00:00', 1),
(1562, 12, 1, 626, '2011-12-16 20:56:35', '0000-00-00 00:00:00', 1),
(1567, 11, 134, 627, '2011-12-16 20:56:44', '0000-00-00 00:00:00', 1),
(1570, 12, 1, 627, '2011-12-16 20:56:44', '0000-00-00 00:00:00', 1),
(1573, 11, 134, 628, '2011-12-16 21:14:24', '0000-00-00 00:00:00', 1),
(1576, 12, 1, 628, '2011-12-16 21:14:24', '0000-00-00 00:00:00', 1),
(1579, 11, 134, 629, '2011-12-16 21:14:36', '0000-00-00 00:00:00', 1),
(1584, 11, 134, 630, '2011-12-16 21:16:18', '0000-00-00 00:00:00', 1),
(1585, 12, 1, 630, '2011-12-16 21:16:18', '0000-00-00 00:00:00', 1),
(1589, 12, 134, 631, '2011-12-16 21:17:42', '0000-00-00 00:00:00', 1),
(1594, 15, 134, 632, '2011-12-16 21:17:49', '0000-00-00 00:00:00', 1),
(1597, 12, 134, 633, '2011-12-16 21:17:49', '0000-00-00 00:00:00', 1),
(1602, 15, 134, 634, '2011-12-17 00:34:49', '0000-00-00 00:00:00', 1),
(1604, 11, 134, 635, '2011-12-17 00:34:49', '0000-00-00 00:00:00', 1),
(1608, 11, 134, 636, '2011-12-17 00:34:57', '0000-00-00 00:00:00', 1),
(1612, 11, 134, 637, '2011-12-17 00:35:58', '0000-00-00 00:00:00', 1),
(1616, 11, 134, 638, '2011-12-17 00:35:59', '0000-00-00 00:00:00', 1),
(1620, 11, 134, 639, '2011-12-17 00:36:28', '0000-00-00 00:00:00', 1),
(1624, 11, 134, 640, '2011-12-17 00:37:48', '0000-00-00 00:00:00', 1),
(1629, 15, 134, 641, '2011-12-17 00:39:04', '0000-00-00 00:00:00', 1),
(1631, 11, 134, 642, '2011-12-17 00:39:04', '0000-00-00 00:00:00', 1),
(1636, 15, 134, 643, '2011-12-17 00:44:59', '0000-00-00 00:00:00', 1),
(1637, 15, 1, 643, '2011-12-17 00:44:59', '0000-00-00 00:00:00', 1),
(1638, 11, 134, 644, '2011-12-17 00:44:59', '0000-00-00 00:00:00', 1),
(1639, 12, 1, 644, '2011-12-17 00:44:59', '0000-00-00 00:00:00', 1),
(1642, 11, 134, 645, '2011-12-17 00:55:36', '0000-00-00 00:00:00', 1),
(1643, 12, 1, 645, '2011-12-17 00:55:36', '0000-00-00 00:00:00', 1),
(1646, 11, 134, 646, '2011-12-17 00:55:44', '0000-00-00 00:00:00', 1),
(1647, 12, 1, 646, '2011-12-17 00:55:44', '0000-00-00 00:00:00', 1),
(1650, 11, 134, 647, '2011-12-17 00:55:47', '0000-00-00 00:00:00', 1),
(1651, 12, 1, 647, '2011-12-17 00:55:47', '0000-00-00 00:00:00', 1),
(1654, 11, 134, 648, '2011-12-17 00:55:49', '0000-00-00 00:00:00', 1),
(1655, 12, 1, 648, '2011-12-17 00:55:49', '0000-00-00 00:00:00', 1),
(1658, 11, 134, 649, '2011-12-17 01:06:19', '0000-00-00 00:00:00', 1),
(1659, 12, 1, 649, '2011-12-17 01:06:19', '0000-00-00 00:00:00', 1),
(1662, 11, 134, 650, '2011-12-17 01:06:41', '0000-00-00 00:00:00', 1),
(1663, 12, 1, 650, '2011-12-17 01:06:41', '0000-00-00 00:00:00', 1),
(1666, 11, 134, 651, '2011-12-17 01:06:42', '0000-00-00 00:00:00', 1),
(1667, 12, 1, 651, '2011-12-17 01:06:42', '0000-00-00 00:00:00', 1),
(1670, 11, 134, 652, '2011-12-17 01:08:43', '0000-00-00 00:00:00', 1),
(1671, 12, 1, 652, '2011-12-17 01:08:43', '0000-00-00 00:00:00', 1),
(1674, 11, 134, 653, '2011-12-17 01:08:43', '0000-00-00 00:00:00', 1),
(1675, 12, 1, 653, '2011-12-17 01:08:43', '0000-00-00 00:00:00', 1),
(1678, 11, 134, 654, '2011-12-17 01:08:45', '0000-00-00 00:00:00', 1),
(1679, 12, 1, 654, '2011-12-17 01:08:45', '0000-00-00 00:00:00', 1),
(1682, 11, 134, 655, '2011-12-17 01:08:48', '0000-00-00 00:00:00', 1),
(1683, 12, 1, 655, '2011-12-17 01:08:48', '0000-00-00 00:00:00', 1),
(1686, 11, 134, 656, '2011-12-17 01:08:49', '0000-00-00 00:00:00', 1),
(1687, 12, 1, 656, '2011-12-17 01:08:49', '0000-00-00 00:00:00', 1),
(1690, 11, 134, 657, '2011-12-17 01:08:50', '0000-00-00 00:00:00', 1),
(1691, 12, 1, 657, '2011-12-17 01:08:50', '0000-00-00 00:00:00', 1),
(1694, 11, 134, 658, '2011-12-17 01:09:20', '0000-00-00 00:00:00', 1),
(1695, 12, 1, 658, '2011-12-17 01:09:20', '0000-00-00 00:00:00', 1),
(1698, 11, 134, 659, '2011-12-17 01:09:35', '0000-00-00 00:00:00', 1),
(1699, 12, 1, 659, '2011-12-17 01:09:35', '0000-00-00 00:00:00', 1),
(1702, 11, 134, 660, '2011-12-17 01:09:36', '0000-00-00 00:00:00', 1),
(1703, 12, 1, 660, '2011-12-17 01:09:36', '0000-00-00 00:00:00', 1),
(1706, 11, 134, 661, '2011-12-17 01:10:30', '0000-00-00 00:00:00', 1),
(1707, 12, 1, 661, '2011-12-17 01:10:30', '0000-00-00 00:00:00', 1),
(1711, 15, 1, 662, '2011-12-19 17:23:01', '0000-00-00 00:00:00', 1),
(1714, 11, 1, 663, '2011-12-19 17:23:01', '0000-00-00 00:00:00', 1),
(1720, 4, 1, 664, '2011-12-19 19:04:13', '0000-00-00 00:00:00', 1),
(1721, 8, 1, 664, '2011-12-19 19:04:13', '0000-00-00 00:00:00', 1),
(1723, 4, 1, 665, '2011-12-19 19:04:27', '0000-00-00 00:00:00', 1),
(1724, 8, 1, 665, '2011-12-19 19:04:27', '0000-00-00 00:00:00', 1),
(1726, 4, 1, 666, '2011-12-19 19:05:16', '0000-00-00 00:00:00', 1),
(1727, 8, 1, 666, '2011-12-19 19:05:16', '0000-00-00 00:00:00', 1),
(1730, 4, 1, 667, '2011-12-19 19:05:41', '0000-00-00 00:00:00', 1),
(1731, 8, 1, 667, '2011-12-19 19:05:41', '0000-00-00 00:00:00', 1),
(1733, 4, 1, 668, '2011-12-19 19:06:14', '0000-00-00 00:00:00', 1),
(1734, 8, 1, 668, '2011-12-19 19:06:14', '0000-00-00 00:00:00', 1),
(1736, 4, 1, 669, '2011-12-19 19:06:34', '0000-00-00 00:00:00', 1),
(1737, 8, 1, 669, '2011-12-19 19:06:34', '0000-00-00 00:00:00', 1),
(1738, 5, 1, 664, '2011-12-19 20:42:27', '0000-00-00 00:00:00', 1),
(1740, 5, 1, 322, '2011-12-19 20:50:21', '0000-00-00 00:00:00', 1),
(1742, 11, 134, 670, '2011-12-19 21:19:52', '0000-00-00 00:00:00', 1),
(1745, 12, 1, 670, '2011-12-19 21:19:52', '0000-00-00 00:00:00', 1),
(1756, 11, 134, 673, '2011-12-19 21:26:49', '0000-00-00 00:00:00', 1),
(1759, 12, 1, 673, '2011-12-19 21:26:49', '0000-00-00 00:00:00', 1),
(1762, 11, 134, 674, '2011-12-20 00:23:54', '0000-00-00 00:00:00', 1),
(1763, 12, 1, 674, '2011-12-20 00:23:54', '0000-00-00 00:00:00', 1),
(1766, 11, 134, 675, '2011-12-20 00:25:54', '0000-00-00 00:00:00', 1),
(1767, 12, 1, 675, '2011-12-20 00:25:54', '0000-00-00 00:00:00', 1),
(1770, 11, 134, 676, '2011-12-20 00:26:01', '0000-00-00 00:00:00', 1),
(1771, 12, 1, 676, '2011-12-20 00:26:01', '0000-00-00 00:00:00', 1),
(1774, 11, 134, 677, '2011-12-20 00:36:38', '0000-00-00 00:00:00', 1),
(1775, 12, 1, 677, '2011-12-20 00:36:38', '0000-00-00 00:00:00', 1),
(1778, 11, 134, 678, '2011-12-20 00:37:02', '0000-00-00 00:00:00', 1),
(1779, 12, 1, 678, '2011-12-20 00:37:02', '0000-00-00 00:00:00', 1),
(1786, 5, 1, 438, '2011-12-20 02:13:34', '0000-00-00 00:00:00', 1),
(1787, 5, 1, 585, '2011-12-20 02:14:29', '0000-00-00 00:00:00', 1),
(1788, 5, 1, 441, '2011-12-20 02:15:34', '0000-00-00 00:00:00', 1),
(1789, 5, 1, 324, '2011-12-20 02:19:27', '0000-00-00 00:00:00', 1),
(1790, 5, 1, 329, '2011-12-20 02:20:59', '0000-00-00 00:00:00', 1),
(1791, 5, 1, 326, '2011-12-20 02:21:26', '0000-00-00 00:00:00', 1),
(1793, 4, 1, 679, '2011-12-20 19:46:39', '0000-00-00 00:00:00', 1),
(1794, 8, 1, 679, '2011-12-20 19:46:39', '0000-00-00 00:00:00', 1),
(1796, 4, 1, 680, '2011-12-20 19:52:04', '0000-00-00 00:00:00', 1),
(1797, 8, 1, 680, '2011-12-20 19:52:04', '0000-00-00 00:00:00', 1),
(1799, 4, 1, 681, '2011-12-20 19:52:23', '0000-00-00 00:00:00', 1),
(1800, 8, 1, 681, '2011-12-20 19:52:23', '0000-00-00 00:00:00', 1),
(1803, 4, 1, 682, '2011-12-20 19:53:06', '0000-00-00 00:00:00', 1),
(1804, 8, 1, 682, '2011-12-20 19:53:06', '0000-00-00 00:00:00', 1),
(1807, 4, 1, 683, '2011-12-20 19:53:32', '0000-00-00 00:00:00', 1),
(1808, 8, 1, 683, '2011-12-20 19:53:32', '0000-00-00 00:00:00', 1),
(1811, 4, 1, 684, '2011-12-20 20:17:54', '0000-00-00 00:00:00', 1),
(1812, 8, 1, 684, '2011-12-20 20:17:54', '0000-00-00 00:00:00', 1),
(1815, 4, 1, 685, '2011-12-20 20:18:15', '0000-00-00 00:00:00', 1),
(1816, 8, 1, 685, '2011-12-20 20:18:15', '0000-00-00 00:00:00', 1),
(1819, 4, 1, 686, '2011-12-20 20:18:33', '0000-00-00 00:00:00', 1),
(1820, 8, 1, 686, '2011-12-20 20:18:33', '0000-00-00 00:00:00', 1),
(1823, 4, 1, 687, '2011-12-20 20:19:10', '0000-00-00 00:00:00', 1),
(1824, 8, 1, 687, '2011-12-20 20:19:10', '0000-00-00 00:00:00', 1),
(1827, 4, 1, 688, '2011-12-20 20:19:38', '0000-00-00 00:00:00', 1),
(1828, 8, 1, 688, '2011-12-20 20:19:38', '0000-00-00 00:00:00', 1),
(1831, 4, 788, 689, '2011-12-20 20:37:21', '0000-00-00 00:00:00', 1),
(1832, 8, 788, 689, '2011-12-20 20:37:21', '0000-00-00 00:00:00', 1),
(1834, 4, 1, 690, '2011-12-20 20:51:00', '0000-00-00 00:00:00', 1),
(1835, 8, 1, 690, '2011-12-20 20:51:00', '0000-00-00 00:00:00', 1),
(1838, 4, 1, 691, '2011-12-20 20:51:08', '0000-00-00 00:00:00', 1),
(1839, 8, 1, 691, '2011-12-20 20:51:08', '0000-00-00 00:00:00', 1),
(1842, 4, 788, 692, '2011-12-20 20:52:51', '0000-00-00 00:00:00', 1),
(1843, 8, 70, 692, '2011-12-20 20:52:51', '0000-00-00 00:00:00', 1),
(1844, 1, 788, 693, '2011-12-20 20:52:58', '0000-00-00 00:00:00', 1),
(1845, 1, 70, 693, '2011-12-20 20:52:58', '2011-12-23 19:46:19', 1),
(1847, 4, 1, 694, '2011-12-20 20:59:34', '0000-00-00 00:00:00', 1),
(1848, 8, 1, 694, '2011-12-20 20:59:34', '0000-00-00 00:00:00', 1),
(1851, 4, 1, 695, '2011-12-20 21:20:33', '0000-00-00 00:00:00', 1),
(1852, 8, 1, 695, '2011-12-20 21:20:33', '0000-00-00 00:00:00', 1),
(1855, 4, 1, 696, '2011-12-20 21:20:43', '0000-00-00 00:00:00', 1),
(1856, 8, 1, 696, '2011-12-20 21:20:43', '0000-00-00 00:00:00', 1),
(1859, 4, 1, 697, '2011-12-20 22:44:18', '0000-00-00 00:00:00', 1),
(1860, 8, 1, 697, '2011-12-20 22:44:18', '0000-00-00 00:00:00', 1),
(1863, 4, 1, 698, '2011-12-20 22:44:33', '0000-00-00 00:00:00', 1),
(1864, 8, 1, 698, '2011-12-20 22:44:33', '0000-00-00 00:00:00', 1),
(1867, 4, 1, 699, '2011-12-20 22:56:51', '0000-00-00 00:00:00', 1),
(1870, 4, 1, 700, '2011-12-20 23:15:07', '0000-00-00 00:00:00', 1),
(1871, 8, 1, 700, '2011-12-20 23:15:07', '0000-00-00 00:00:00', 1),
(1874, 4, 1, 701, '2011-12-20 23:15:17', '0000-00-00 00:00:00', 1),
(1875, 8, 1, 701, '2011-12-20 23:15:17', '0000-00-00 00:00:00', 1),
(1878, 4, 1, 702, '2011-12-20 23:25:05', '0000-00-00 00:00:00', 1),
(1879, 8, 1, 702, '2011-12-20 23:25:05', '0000-00-00 00:00:00', 1),
(1882, 4, 1, 703, '2011-12-20 23:25:14', '0000-00-00 00:00:00', 1),
(1883, 8, 1, 703, '2011-12-20 23:25:14', '0000-00-00 00:00:00', 1),
(1886, 4, 1, 704, '2011-12-21 00:57:07', '0000-00-00 00:00:00', 1),
(1906, 11, 1, 709, '2011-12-21 18:15:04', '0000-00-00 00:00:00', 1),
(1909, 12, 134, 709, '2011-12-21 18:15:04', '0000-00-00 00:00:00', 1),
(1912, 11, 134, 710, '2011-12-21 20:36:51', '0000-00-00 00:00:00', 1),
(1913, 12, 1, 710, '2011-12-21 20:36:51', '0000-00-00 00:00:00', 1),
(1927, 12, 1, 711, '2011-12-22 02:40:12', '0000-00-00 00:00:00', 1),
(1930, 11, 1, 712, '2011-12-22 02:41:32', '0000-00-00 00:00:00', 1),
(1935, 12, 1, 713, '2011-12-22 02:48:03', '0000-00-00 00:00:00', 1),
(1938, 11, 1, 714, '2011-12-22 02:50:03', '0000-00-00 00:00:00', 1),
(1942, 11, 1, 715, '2011-12-22 02:56:50', '0000-00-00 00:00:00', 0),
(1947, 12, 1, 716, '2011-12-22 03:04:21', '0000-00-00 00:00:00', 1),
(1971, 15, 1, 721, '2011-12-22 05:53:27', '0000-00-00 00:00:00', 0),
(1973, 12, 1, 722, '2011-12-22 05:53:27', '0000-00-00 00:00:00', 1),
(1986, 5, 1, 720, '2011-12-22 06:16:01', '0000-00-00 00:00:00', 0),
(1993, 4, 1, 726, '2011-12-22 06:25:55', '0000-00-00 00:00:00', 0),
(1997, 4, 1, 727, '2011-12-22 07:24:26', '0000-00-00 00:00:00', 0),
(1998, 8, 1, 727, '2011-12-22 07:24:26', '0000-00-00 00:00:00', 0),
(1999, 5, 1, 726, '2011-12-22 08:39:55', '0000-00-00 00:00:00', 0),
(2001, 4, 134, 728, '2011-12-22 09:00:55', '0000-00-00 00:00:00', 0),
(2022, 1, 70, 740, '2011-12-22 10:01:20', '2011-12-23 19:46:24', 0),
(2039, 1, 1, 747, '2011-12-22 10:20:14', '0000-00-00 00:00:00', 0),
(2041, 1, 1, 748, '2011-12-22 10:23:01', '0000-00-00 00:00:00', 0),
(2106, 8, 1, 725, '2011-12-23 00:24:59', '0000-00-00 00:00:00', 0),
(2108, 5, 1, 699, '2011-12-23 00:45:31', '0000-00-00 00:00:00', 0),
(2110, 8, 1, 697, '2011-12-23 00:58:48', '0000-00-00 00:00:00', 0),
(2111, 8, 1, 688, '2011-12-23 02:01:22', '0000-00-00 00:00:00', 0),
(2113, 4, 788, 768, '2011-12-23 02:26:35', '0000-00-00 00:00:00', 0),
(2115, 4, 1, 769, '2011-12-23 03:19:04', '0000-00-00 00:00:00', 0),
(2118, 4, 1, 775, '2011-12-23 03:35:00', '2011-12-23 03:35:00', 0),
(2120, 5, 1, 727, '2011-12-23 03:36:49', '0000-00-00 00:00:00', 0),
(2122, 4, 1, 776, '2011-12-23 03:37:16', '2011-12-23 03:37:16', 0),
(2125, 4, 1, 777, '2011-12-23 03:43:38', '2011-12-23 03:43:38', 0),
(2128, 4, 1, 778, '2011-12-23 03:43:47', '2011-12-23 03:43:47', 0),
(2131, 4, 1, 779, '2011-12-23 04:09:47', '2011-12-23 04:09:47', 0),
(2134, 4, 1, 780, '2011-12-23 04:13:50', '2011-12-23 04:13:50', 0),
(2140, 4, 1, 782, '2011-12-23 06:27:01', '2011-12-23 06:27:01', 0),
(2149, 4, 1, 785, '2011-12-23 06:52:39', '2011-12-23 06:52:39', 0),
(2152, 4, 1, 786, '2011-12-23 07:02:11', '2011-12-23 07:02:11', 0),
(2155, 4, 1, 787, '2011-12-23 07:06:31', '2011-12-23 07:06:31', 0),
(2164, 4, 1, 790, '2011-12-23 09:09:06', '2011-12-23 09:09:06', 0),
(2179, 4, 1, 794, '2011-12-23 12:08:55', '0000-00-00 00:00:00', 0),
(2181, 4, 1, 795, '2011-12-23 12:09:40', '0000-00-00 00:00:00', 0),
(2185, 4, 1, 796, '2011-12-23 12:10:00', '0000-00-00 00:00:00', 0),
(2210, 4, 1, 803, '2011-12-23 12:36:42', '0000-00-00 00:00:00', 0),
(2211, 8, 1, 803, '2011-12-23 12:36:42', '0000-00-00 00:00:00', 0),
(2229, 8, 134, 808, '2011-12-23 18:13:30', '0000-00-00 00:00:00', 0),
(2238, 4, 1, 811, '2011-12-23 19:35:51', '2011-12-23 19:35:51', 0),
(2241, 4, 1, 812, '2011-12-23 19:38:35', '0000-00-00 00:00:00', 0),
(2242, 8, 1, 812, '2011-12-23 19:38:35', '0000-00-00 00:00:00', 0),
(2244, 4, 1, 813, '2011-12-23 19:38:44', '0000-00-00 00:00:00', 0),
(2245, 8, 1, 813, '2011-12-23 19:38:44', '0000-00-00 00:00:00', 0),
(2247, 4, 1, 814, '2011-12-23 19:39:13', '2011-12-23 19:39:13', 0),
(2250, 4, 1, 815, '2011-12-23 19:44:10', '0000-00-00 00:00:00', 0),
(2251, 14, 66, 815, '2011-12-23 19:44:10', '0000-00-00 00:00:00', 0),
(2253, 1, 1, 816, '2011-12-23 19:45:22', '0000-00-00 00:00:00', 0),
(2254, 1, 70, 816, '2011-12-23 19:45:22', '2011-12-23 19:46:28', 0),
(2256, 4, 70, 817, '2011-12-23 19:47:09', '0000-00-00 00:00:00', 0),
(2257, 8, 70, 817, '2011-12-23 19:47:09', '0000-00-00 00:00:00', 0),
(2259, 4, 70, 818, '2011-12-23 20:00:03', '0000-00-00 00:00:00', 0),
(2260, 14, 66, 818, '2011-12-23 20:00:03', '0000-00-00 00:00:00', 0),
(2261, 14, 788, 818, '2011-12-23 20:00:03', '0000-00-00 00:00:00', 0),
(2263, 14, 1, 818, '2011-12-23 20:00:03', '0000-00-00 00:00:00', 0),
(2265, 4, 70, 819, '2011-12-23 20:06:29', '0000-00-00 00:00:00', 0),
(2266, 14, 66, 819, '2011-12-23 20:06:29', '0000-00-00 00:00:00', 0),
(2267, 14, 788, 819, '2011-12-23 20:06:29', '0000-00-00 00:00:00', 0),
(2269, 14, 1, 819, '2011-12-23 20:06:29', '0000-00-00 00:00:00', 0),
(2270, 18, 788, 705, '2011-12-23 21:22:50', '0000-00-00 00:00:00', 0),
(2271, 3, 913, 820, '2011-12-26 18:52:17', '0000-00-00 00:00:00', 0),
(2272, 4, 1, 820, '2011-12-26 18:52:17', '0000-00-00 00:00:00', 0),
(2273, 8, 1, 820, '2011-12-26 18:52:17', '0000-00-00 00:00:00', 0),
(2274, 1, 1, 821, '2011-12-26 18:52:50', '0000-00-00 00:00:00', 0),
(2275, 2, 788, 821, '2011-12-26 18:52:50', '0000-00-00 00:00:00', 0),
(2276, 3, 914, 822, '2011-12-26 22:41:00', '0000-00-00 00:00:00', 0),
(2277, 4, 134, 822, '2011-12-26 22:41:00', '0000-00-00 00:00:00', 0),
(2278, 8, 134, 822, '2011-12-26 22:41:00', '0000-00-00 00:00:00', 0),
(2279, 3, 915, 823, '2011-12-26 23:14:32', '0000-00-00 00:00:00', 0),
(2280, 15, 134, 823, '2011-12-26 23:14:32', '0000-00-00 00:00:00', 0),
(2281, 15, 1, 823, '2011-12-26 23:14:32', '0000-00-00 00:00:00', 0),
(2282, 11, 134, 824, '2011-12-26 23:14:32', '0000-00-00 00:00:00', 0),
(2283, 12, 1, 824, '2011-12-26 23:14:32', '0000-00-00 00:00:00', 1),
(2284, 3, 916, 824, '2011-12-26 23:14:32', '0000-00-00 00:00:00', 0),
(2285, 16, 916, 823, '2011-12-26 23:14:32', '0000-00-00 00:00:00', 0),
(2286, 3, 917, 825, '2011-12-27 00:12:43', '2011-12-27 00:12:43', 0),
(2287, 4, 1, 825, '2011-12-27 00:12:43', '2011-12-27 00:12:43', 0),
(2288, 8, 914, 825, '2011-12-27 00:12:43', '2011-12-27 00:12:43', 0),
(2289, 3, 918, 826, '2011-12-27 00:35:12', '0000-00-00 00:00:00', 0),
(2290, 4, 134, 826, '2011-12-27 00:35:12', '0000-00-00 00:00:00', 0),
(2291, 8, 134, 826, '2011-12-27 00:35:12', '0000-00-00 00:00:00', 0),
(2292, 3, 935, 843, '2011-12-27 01:54:18', '0000-00-00 00:00:00', 0),
(2293, 4, 134, 843, '2011-12-27 01:54:18', '0000-00-00 00:00:00', 0),
(2294, 8, 134, 843, '2011-12-27 01:54:18', '0000-00-00 00:00:00', 0),
(2295, 3, 936, 844, '2011-12-27 01:54:18', '0000-00-00 00:00:00', 0),
(2296, 4, 134, 844, '2011-12-27 01:54:18', '0000-00-00 00:00:00', 0),
(2297, 8, 935, 844, '2011-12-27 01:54:18', '0000-00-00 00:00:00', 0),
(2298, 11, 1, 845, '2011-12-27 01:54:30', '0000-00-00 00:00:00', 0),
(2299, 12, 134, 845, '2011-12-27 01:54:30', '0000-00-00 00:00:00', 1),
(2300, 3, 937, 845, '2011-12-27 01:54:30', '0000-00-00 00:00:00', 0),
(2301, 16, 937, 823, '2011-12-27 01:54:30', '0000-00-00 00:00:00', 0),
(2302, 3, 939, 846, '2011-12-27 17:41:46', '0000-00-00 00:00:00', 0),
(2303, 4, 938, 846, '2011-12-27 17:41:46', '0000-00-00 00:00:00', 0),
(2304, 3, 940, 847, '2011-12-27 17:41:53', '0000-00-00 00:00:00', 0),
(2305, 4, 938, 847, '2011-12-27 17:41:53', '0000-00-00 00:00:00', 0),
(2306, 3, 941, 848, '2011-12-27 17:41:56', '0000-00-00 00:00:00', 0),
(2307, 4, 938, 848, '2011-12-27 17:41:56', '0000-00-00 00:00:00', 0),
(2308, 3, 942, 849, '2011-12-27 17:41:57', '0000-00-00 00:00:00', 0),
(2309, 4, 938, 849, '2011-12-27 17:41:57', '0000-00-00 00:00:00', 0),
(2310, 3, 943, 850, '2011-12-27 17:41:57', '0000-00-00 00:00:00', 0),
(2311, 4, 938, 850, '2011-12-27 17:41:57', '0000-00-00 00:00:00', 0),
(2312, 3, 944, 851, '2011-12-27 17:41:58', '0000-00-00 00:00:00', 0),
(2313, 4, 938, 851, '2011-12-27 17:41:58', '0000-00-00 00:00:00', 0),
(2314, 3, 945, 852, '2011-12-27 17:41:58', '0000-00-00 00:00:00', 0),
(2315, 4, 938, 852, '2011-12-27 17:41:58', '0000-00-00 00:00:00', 0),
(2316, 3, 946, 853, '2011-12-27 17:41:58', '0000-00-00 00:00:00', 0),
(2317, 4, 938, 853, '2011-12-27 17:41:58', '0000-00-00 00:00:00', 0),
(2318, 3, 947, 854, '2011-12-27 17:41:58', '0000-00-00 00:00:00', 0),
(2319, 4, 938, 854, '2011-12-27 17:41:58', '0000-00-00 00:00:00', 0),
(2320, 3, 948, 855, '2011-12-27 17:41:59', '0000-00-00 00:00:00', 0),
(2321, 4, 938, 855, '2011-12-27 17:41:59', '0000-00-00 00:00:00', 0),
(2322, 3, 949, 856, '2011-12-27 17:41:59', '0000-00-00 00:00:00', 0),
(2323, 4, 938, 856, '2011-12-27 17:41:59', '0000-00-00 00:00:00', 0),
(2324, 3, 950, 857, '2011-12-27 17:42:01', '0000-00-00 00:00:00', 0),
(2325, 4, 938, 857, '2011-12-27 17:42:01', '0000-00-00 00:00:00', 0),
(2326, 3, 951, 858, '2011-12-27 17:42:02', '0000-00-00 00:00:00', 0),
(2327, 4, 938, 858, '2011-12-27 17:42:02', '0000-00-00 00:00:00', 0),
(2328, 3, 952, 859, '2011-12-27 17:42:05', '0000-00-00 00:00:00', 0),
(2329, 4, 938, 859, '2011-12-27 17:42:05', '0000-00-00 00:00:00', 0),
(2330, 3, 953, 860, '2011-12-27 17:42:05', '0000-00-00 00:00:00', 0),
(2331, 4, 938, 860, '2011-12-27 17:42:05', '0000-00-00 00:00:00', 0),
(2332, 3, 954, 861, '2011-12-27 17:42:06', '0000-00-00 00:00:00', 0),
(2333, 4, 938, 861, '2011-12-27 17:42:06', '0000-00-00 00:00:00', 0),
(2334, 3, 955, 862, '2011-12-27 17:42:06', '0000-00-00 00:00:00', 0),
(2335, 4, 938, 862, '2011-12-27 17:42:06', '0000-00-00 00:00:00', 0),
(2336, 3, 956, 863, '2011-12-27 17:42:07', '0000-00-00 00:00:00', 0),
(2337, 4, 938, 863, '2011-12-27 17:42:07', '0000-00-00 00:00:00', 0),
(2338, 3, 957, 864, '2011-12-27 17:42:07', '0000-00-00 00:00:00', 0),
(2339, 4, 938, 864, '2011-12-27 17:42:07', '0000-00-00 00:00:00', 0),
(2340, 3, 958, 865, '2011-12-27 17:42:07', '0000-00-00 00:00:00', 0),
(2341, 4, 938, 865, '2011-12-27 17:42:07', '0000-00-00 00:00:00', 0),
(2342, 3, 959, 866, '2011-12-27 17:42:07', '0000-00-00 00:00:00', 0),
(2343, 4, 938, 866, '2011-12-27 17:42:07', '0000-00-00 00:00:00', 0),
(2344, 3, 960, 867, '2011-12-27 17:42:14', '0000-00-00 00:00:00', 0),
(2345, 4, 938, 867, '2011-12-27 17:42:14', '0000-00-00 00:00:00', 0),
(2346, 3, 961, 868, '2011-12-27 17:42:14', '0000-00-00 00:00:00', 0),
(2347, 4, 938, 868, '2011-12-27 17:42:14', '0000-00-00 00:00:00', 0),
(2348, 3, 962, 869, '2011-12-27 17:42:15', '0000-00-00 00:00:00', 0),
(2349, 4, 938, 869, '2011-12-27 17:42:15', '0000-00-00 00:00:00', 0),
(2350, 3, 963, 870, '2011-12-27 17:42:15', '0000-00-00 00:00:00', 0),
(2351, 4, 938, 870, '2011-12-27 17:42:15', '0000-00-00 00:00:00', 0),
(2352, 3, 964, 871, '2011-12-27 17:44:03', '0000-00-00 00:00:00', 0),
(2353, 4, 134, 871, '2011-12-27 17:44:03', '0000-00-00 00:00:00', 0),
(2354, 8, 134, 871, '2011-12-27 17:44:03', '0000-00-00 00:00:00', 0),
(2355, 8, 964, 844, '2011-12-27 17:44:03', '0000-00-00 00:00:00', 0),
(2356, 3, 965, 872, '2011-12-27 17:44:57', '0000-00-00 00:00:00', 0),
(2357, 4, 938, 872, '2011-12-27 17:44:57', '0000-00-00 00:00:00', 0),
(2358, 8, 939, 872, '2011-12-27 17:44:57', '0000-00-00 00:00:00', 0),
(2359, 19, 965, 846, '2011-12-27 17:44:57', '0000-00-00 00:00:00', 0),
(2360, 3, 966, 873, '2011-12-27 17:45:49', '0000-00-00 00:00:00', 0),
(2361, 4, 938, 873, '2011-12-27 17:45:49', '0000-00-00 00:00:00', 0),
(2362, 8, 939, 873, '2011-12-27 17:45:49', '0000-00-00 00:00:00', 0),
(2363, 8, 966, 846, '2011-12-27 17:45:49', '0000-00-00 00:00:00', 0),
(2364, 3, 967, 874, '2011-12-27 17:47:17', '0000-00-00 00:00:00', 0),
(2365, 4, 938, 874, '2011-12-27 17:47:17', '0000-00-00 00:00:00', 0),
(2366, 8, 940, 874, '2011-12-27 17:47:17', '0000-00-00 00:00:00', 0),
(2367, 8, 967, 847, '2011-12-27 17:47:17', '0000-00-00 00:00:00', 0),
(2368, 3, 968, 875, '2011-12-27 17:47:40', '0000-00-00 00:00:00', 0),
(2369, 4, 938, 875, '2011-12-27 17:47:40', '0000-00-00 00:00:00', 0),
(2370, 8, 940, 875, '2011-12-27 17:47:40', '0000-00-00 00:00:00', 0),
(2371, 19, 968, 847, '2011-12-27 17:47:40', '0000-00-00 00:00:00', 0),
(2372, 3, 969, 876, '2011-12-27 17:48:58', '0000-00-00 00:00:00', 0),
(2373, 4, 938, 876, '2011-12-27 17:48:58', '0000-00-00 00:00:00', 0),
(2374, 8, 941, 876, '2011-12-27 17:48:58', '0000-00-00 00:00:00', 0),
(2375, 8, 969, 848, '2011-12-27 17:48:58', '0000-00-00 00:00:00', 0),
(2376, 3, 970, 877, '2011-12-27 17:54:53', '0000-00-00 00:00:00', 0),
(2377, 4, 938, 877, '2011-12-27 17:54:53', '0000-00-00 00:00:00', 0),
(2378, 8, 941, 877, '2011-12-27 17:54:53', '0000-00-00 00:00:00', 0),
(2379, 19, 970, 848, '2011-12-27 17:54:53', '0000-00-00 00:00:00', 0),
(2380, 1, 938, 878, '2011-12-27 17:56:32', '0000-00-00 00:00:00', 0),
(2381, 2, 1, 878, '2011-12-27 17:56:32', '0000-00-00 00:00:00', 0),
(2382, 1, 938, 879, '2011-12-27 17:56:51', '0000-00-00 00:00:00', 0);
INSERT INTO `tbSOCIALObjectAssociation` (`id`, `iType`, `idSOCIALObject`, `idSOCIALAssociation`, `tsCreation`, `tsLastUpdate`, `fAck`) VALUES
(2383, 1, 1, 879, '2011-12-27 17:56:51', '2011-12-27 18:02:57', 0),
(2384, 3, 971, 880, '2011-12-27 17:59:39', '0000-00-00 00:00:00', 0),
(2385, 4, 134, 880, '2011-12-27 17:59:39', '0000-00-00 00:00:00', 0),
(2386, 3, 972, 881, '2011-12-27 17:59:48', '0000-00-00 00:00:00', 0),
(2387, 4, 134, 881, '2011-12-27 17:59:48', '0000-00-00 00:00:00', 0),
(2388, 3, 973, 882, '2011-12-27 17:59:49', '0000-00-00 00:00:00', 0),
(2389, 4, 134, 882, '2011-12-27 17:59:49', '0000-00-00 00:00:00', 0),
(2390, 3, 974, 883, '2011-12-27 17:59:50', '0000-00-00 00:00:00', 0),
(2391, 4, 134, 883, '2011-12-27 17:59:50', '0000-00-00 00:00:00', 0),
(2392, 3, 975, 884, '2011-12-27 18:00:22', '0000-00-00 00:00:00', 0),
(2393, 4, 134, 884, '2011-12-27 18:00:22', '0000-00-00 00:00:00', 0),
(2394, 8, 134, 884, '2011-12-27 18:00:22', '0000-00-00 00:00:00', 0),
(2395, 3, 976, 885, '2011-12-27 18:00:25', '0000-00-00 00:00:00', 0),
(2396, 4, 134, 885, '2011-12-27 18:00:25', '0000-00-00 00:00:00', 0),
(2397, 8, 134, 885, '2011-12-27 18:00:25', '0000-00-00 00:00:00', 0),
(2398, 3, 977, 886, '2011-12-27 18:00:32', '0000-00-00 00:00:00', 0),
(2399, 4, 134, 886, '2011-12-27 18:00:32', '0000-00-00 00:00:00', 0),
(2400, 8, 1, 886, '2011-12-27 18:00:32', '0000-00-00 00:00:00', 0),
(2401, 5, 134, 886, '2011-12-27 18:00:34', '0000-00-00 00:00:00', 0),
(2402, 3, 978, 887, '2011-12-27 18:00:42', '0000-00-00 00:00:00', 0),
(2403, 4, 134, 887, '2011-12-27 18:00:42', '0000-00-00 00:00:00', 0),
(2404, 8, 977, 887, '2011-12-27 18:00:42', '0000-00-00 00:00:00', 0),
(2405, 3, 979, 888, '2011-12-27 18:01:00', '0000-00-00 00:00:00', 0),
(2406, 4, 938, 888, '2011-12-27 18:01:00', '0000-00-00 00:00:00', 0),
(2407, 8, 938, 888, '2011-12-27 18:01:00', '0000-00-00 00:00:00', 0),
(2408, 3, 980, 889, '2011-12-27 18:01:54', '0000-00-00 00:00:00', 0),
(2409, 4, 134, 889, '2011-12-27 18:01:54', '0000-00-00 00:00:00', 0),
(2410, 3, 981, 890, '2011-12-27 18:02:18', '0000-00-00 00:00:00', 0),
(2411, 4, 134, 890, '2011-12-27 18:02:18', '0000-00-00 00:00:00', 0),
(2412, 8, 980, 890, '2011-12-27 18:02:18', '0000-00-00 00:00:00', 0),
(2413, 3, 982, 891, '2011-12-27 18:03:04', '0000-00-00 00:00:00', 0),
(2414, 4, 938, 891, '2011-12-27 18:03:04', '0000-00-00 00:00:00', 0),
(2415, 8, 938, 891, '2011-12-27 18:03:04', '0000-00-00 00:00:00', 0),
(2416, 8, 982, 846, '2011-12-27 18:03:04', '0000-00-00 00:00:00', 0),
(2417, 3, 983, 892, '2011-12-27 18:06:54', '0000-00-00 00:00:00', 0),
(2418, 4, 1, 892, '2011-12-27 18:06:54', '0000-00-00 00:00:00', 0),
(2419, 8, 1, 892, '2011-12-27 18:06:54', '0000-00-00 00:00:00', 0),
(2420, 3, 984, 893, '2011-12-27 18:06:54', '0000-00-00 00:00:00', 0),
(2421, 4, 1, 893, '2011-12-27 18:06:54', '0000-00-00 00:00:00', 0),
(2422, 8, 983, 893, '2011-12-27 18:06:54', '0000-00-00 00:00:00', 0),
(2423, 3, 985, 894, '2011-12-27 18:06:56', '0000-00-00 00:00:00', 0),
(2424, 4, 938, 894, '2011-12-27 18:06:56', '0000-00-00 00:00:00', 0),
(2425, 8, 942, 894, '2011-12-27 18:06:56', '0000-00-00 00:00:00', 0),
(2426, 8, 985, 849, '2011-12-27 18:06:56', '0000-00-00 00:00:00', 0),
(2427, 3, 986, 895, '2011-12-27 18:08:05', '0000-00-00 00:00:00', 0),
(2428, 4, 1, 895, '2011-12-27 18:08:05', '0000-00-00 00:00:00', 0),
(2429, 8, 1, 895, '2011-12-27 18:08:05', '0000-00-00 00:00:00', 0),
(2430, 8, 986, 893, '2011-12-27 18:08:05', '0000-00-00 00:00:00', 0),
(2431, 3, 987, 896, '2011-12-27 18:19:07', '0000-00-00 00:00:00', 0),
(2432, 4, 938, 896, '2011-12-27 18:19:07', '0000-00-00 00:00:00', 0),
(2433, 8, 938, 896, '2011-12-27 18:19:07', '0000-00-00 00:00:00', 0),
(2434, 8, 987, 846, '2011-12-27 18:19:07', '0000-00-00 00:00:00', 0),
(2435, 3, 988, 897, '2011-12-27 18:31:01', '0000-00-00 00:00:00', 0),
(2436, 4, 1, 897, '2011-12-27 18:31:01', '0000-00-00 00:00:00', 0),
(2437, 8, 984, 897, '2011-12-27 18:31:01', '0000-00-00 00:00:00', 0),
(2438, 19, 988, 893, '2011-12-27 18:31:01', '0000-00-00 00:00:00', 0),
(2439, 3, 989, 898, '2011-12-27 18:31:19', '0000-00-00 00:00:00', 0),
(2440, 4, 134, 898, '2011-12-27 18:31:19', '0000-00-00 00:00:00', 0),
(2441, 14, 1, 898, '2011-12-27 18:31:19', '0000-00-00 00:00:00', 0),
(2442, 3, 990, 899, '2011-12-27 18:39:19', '0000-00-00 00:00:00', 0),
(2443, 4, 938, 899, '2011-12-27 18:39:19', '0000-00-00 00:00:00', 0),
(2444, 8, 938, 899, '2011-12-27 18:39:19', '0000-00-00 00:00:00', 0),
(2445, 3, 991, 900, '2011-12-27 18:51:27', '0000-00-00 00:00:00', 0),
(2446, 4, 134, 900, '2011-12-27 18:51:27', '0000-00-00 00:00:00', 0),
(2447, 8, 989, 900, '2011-12-27 18:51:27', '0000-00-00 00:00:00', 0),
(2448, 3, 992, 901, '2011-12-27 18:51:48', '0000-00-00 00:00:00', 0),
(2449, 4, 1, 901, '2011-12-27 18:51:48', '0000-00-00 00:00:00', 0),
(2450, 8, 984, 901, '2011-12-27 18:51:48', '0000-00-00 00:00:00', 0),
(2451, 8, 992, 893, '2011-12-27 18:51:48', '0000-00-00 00:00:00', 0),
(2452, 3, 993, 902, '2011-12-27 19:02:50', '0000-00-00 00:00:00', 0),
(2453, 4, 1, 902, '2011-12-27 19:02:50', '0000-00-00 00:00:00', 0),
(2454, 8, 984, 902, '2011-12-27 19:02:50', '0000-00-00 00:00:00', 0),
(2455, 8, 993, 893, '2011-12-27 19:02:50', '0000-00-00 00:00:00', 0),
(2456, 3, 994, 903, '2011-12-27 19:05:01', '0000-00-00 00:00:00', 0),
(2457, 4, 1, 903, '2011-12-27 19:05:01', '0000-00-00 00:00:00', 0),
(2458, 8, 984, 903, '2011-12-27 19:05:01', '0000-00-00 00:00:00', 0),
(2459, 8, 994, 893, '2011-12-27 19:05:01', '0000-00-00 00:00:00', 0),
(2460, 3, 995, 904, '2011-12-27 19:09:45', '0000-00-00 00:00:00', 0),
(2461, 4, 1, 904, '2011-12-27 19:09:45', '0000-00-00 00:00:00', 0),
(2462, 8, 984, 904, '2011-12-27 19:09:45', '0000-00-00 00:00:00', 0),
(2463, 8, 995, 893, '2011-12-27 19:09:45', '0000-00-00 00:00:00', 0),
(2464, 3, 996, 905, '2011-12-27 19:12:51', '0000-00-00 00:00:00', 0),
(2465, 4, 1, 905, '2011-12-27 19:12:51', '0000-00-00 00:00:00', 0),
(2466, 8, 984, 905, '2011-12-27 19:12:51', '0000-00-00 00:00:00', 0),
(2467, 8, 996, 893, '2011-12-27 19:12:51', '0000-00-00 00:00:00', 0),
(2468, 3, 997, 906, '2011-12-27 19:18:41', '0000-00-00 00:00:00', 0),
(2469, 4, 1, 906, '2011-12-27 19:18:41', '0000-00-00 00:00:00', 0),
(2470, 8, 984, 906, '2011-12-27 19:18:41', '0000-00-00 00:00:00', 0),
(2471, 8, 997, 893, '2011-12-27 19:18:41', '0000-00-00 00:00:00', 0),
(2472, 3, 998, 907, '2011-12-27 19:23:59', '0000-00-00 00:00:00', 0),
(2473, 4, 1, 907, '2011-12-27 19:23:59', '0000-00-00 00:00:00', 0),
(2474, 3, 999, 908, '2011-12-27 19:28:48', '0000-00-00 00:00:00', 0),
(2475, 4, 1, 908, '2011-12-27 19:28:48', '0000-00-00 00:00:00', 0),
(2476, 3, 1000, 909, '2011-12-27 19:30:48', '0000-00-00 00:00:00', 0),
(2477, 4, 1, 909, '2011-12-27 19:30:48', '0000-00-00 00:00:00', 0),
(2478, 8, 984, 909, '2011-12-27 19:30:48', '0000-00-00 00:00:00', 0),
(2479, 8, 1000, 893, '2011-12-27 19:30:48', '0000-00-00 00:00:00', 0),
(2480, 3, 1001, 910, '2011-12-27 19:33:36', '0000-00-00 00:00:00', 0),
(2481, 4, 1, 910, '2011-12-27 19:33:36', '0000-00-00 00:00:00', 0),
(2482, 3, 1002, 911, '2011-12-27 19:33:59', '0000-00-00 00:00:00', 0),
(2483, 4, 1, 911, '2011-12-27 19:33:59', '0000-00-00 00:00:00', 0),
(2484, 3, 1003, 912, '2011-12-27 19:35:22', '0000-00-00 00:00:00', 0),
(2485, 4, 1, 912, '2011-12-27 19:35:22', '0000-00-00 00:00:00', 0),
(2486, 3, 1004, 913, '2011-12-27 19:36:47', '0000-00-00 00:00:00', 0),
(2487, 4, 1, 913, '2011-12-27 19:36:47', '0000-00-00 00:00:00', 0),
(2488, 8, 998, 913, '2011-12-27 19:36:47', '0000-00-00 00:00:00', 0),
(2489, 8, 1004, 907, '2011-12-27 19:36:47', '0000-00-00 00:00:00', 0),
(2490, 3, 1005, 914, '2011-12-27 19:38:02', '0000-00-00 00:00:00', 0),
(2491, 4, 1, 914, '2011-12-27 19:38:02', '0000-00-00 00:00:00', 0),
(2492, 8, 998, 914, '2011-12-27 19:38:02', '0000-00-00 00:00:00', 0),
(2493, 8, 1005, 907, '2011-12-27 19:38:02', '0000-00-00 00:00:00', 0),
(2494, 3, 1006, 915, '2011-12-27 19:39:12', '0000-00-00 00:00:00', 0),
(2495, 4, 1, 915, '2011-12-27 19:39:12', '0000-00-00 00:00:00', 0),
(2496, 8, 998, 915, '2011-12-27 19:39:12', '0000-00-00 00:00:00', 0),
(2497, 8, 1006, 907, '2011-12-27 19:39:12', '0000-00-00 00:00:00', 0),
(2498, 3, 1007, 916, '2011-12-27 19:41:59', '2011-12-27 19:41:59', 0),
(2499, 4, 1, 916, '2011-12-27 19:41:59', '2011-12-27 19:41:59', 0),
(2500, 8, 994, 916, '2011-12-27 19:41:59', '2011-12-27 19:41:59', 0),
(2501, 3, 1008, 917, '2011-12-27 19:42:06', '2011-12-27 19:42:06', 0),
(2502, 4, 1, 917, '2011-12-27 19:42:06', '2011-12-27 19:42:06', 0),
(2503, 8, 1000, 917, '2011-12-27 19:42:06', '2011-12-27 19:42:06', 0),
(2504, 3, 1009, 918, '2011-12-27 19:42:12', '2011-12-27 19:42:12', 0),
(2505, 4, 1, 918, '2011-12-27 19:42:12', '2011-12-27 19:42:12', 0),
(2506, 8, 997, 918, '2011-12-27 19:42:12', '2011-12-27 19:42:12', 0),
(2507, 3, 1010, 919, '2011-12-27 19:42:19', '2011-12-27 19:42:19', 0),
(2508, 4, 1, 919, '2011-12-27 19:42:19', '2011-12-27 19:42:19', 0),
(2509, 8, 996, 919, '2011-12-27 19:42:19', '2011-12-27 19:42:19', 0),
(2510, 3, 1011, 920, '2011-12-27 19:42:26', '2011-12-27 19:42:26', 0),
(2511, 4, 1, 920, '2011-12-27 19:42:26', '2011-12-27 19:42:26', 0),
(2512, 8, 995, 920, '2011-12-27 19:42:26', '2011-12-27 19:42:26', 0),
(2513, 3, 1012, 921, '2011-12-27 19:42:33', '2011-12-27 19:42:33', 0),
(2514, 4, 1, 921, '2011-12-27 19:42:33', '2011-12-27 19:42:33', 0),
(2515, 8, 992, 921, '2011-12-27 19:42:33', '2011-12-27 19:42:33', 0),
(2516, 1, 1, 922, '2011-12-27 19:47:06', '0000-00-00 00:00:00', 0),
(2517, 2, 788, 922, '2011-12-27 19:47:06', '0000-00-00 00:00:00', 0),
(2518, 3, 1013, 923, '2011-12-27 19:51:53', '0000-00-00 00:00:00', 0),
(2519, 4, 1, 923, '2011-12-27 19:51:53', '0000-00-00 00:00:00', 0),
(2520, 8, 998, 923, '2011-12-27 19:51:53', '0000-00-00 00:00:00', 0),
(2521, 8, 1013, 907, '2011-12-27 19:51:53', '0000-00-00 00:00:00', 0),
(2522, 3, 1014, 924, '2011-12-27 19:53:06', '2011-12-27 19:53:06', 0),
(2523, 4, 1, 924, '2011-12-27 19:53:06', '2011-12-27 19:53:06', 0),
(2524, 8, 1013, 924, '2011-12-27 19:53:06', '2011-12-27 19:53:06', 0),
(2525, 3, 1015, 925, '2011-12-27 19:54:44', '0000-00-00 00:00:00', 0),
(2526, 4, 1, 925, '2011-12-27 19:54:44', '0000-00-00 00:00:00', 0),
(2527, 8, 1006, 925, '2011-12-27 19:54:44', '0000-00-00 00:00:00', 0),
(2528, 3, 1016, 926, '2011-12-27 19:54:58', '2011-12-27 19:54:58', 0),
(2529, 4, 1, 926, '2011-12-27 19:54:58', '2011-12-27 19:54:58', 0),
(2530, 8, 1015, 926, '2011-12-27 19:54:58', '2011-12-27 19:54:58', 0),
(2532, 3, 1017, 927, '2013-09-09 22:55:38', '0000-00-00 00:00:00', 0),
(2533, 4, 1, 927, '2013-09-09 22:55:38', '0000-00-00 00:00:00', 0),
(2534, 8, 1, 927, '2013-09-09 22:55:38', '0000-00-00 00:00:00', 0),
(2535, 17, 997, 927, '2013-09-09 22:55:38', '0000-00-00 00:00:00', 0);

-- --------------------------------------------------------

--
-- Estrutura da tabela `tbSOCIALObjectDetail`
--

CREATE TABLE IF NOT EXISTS `tbSOCIALObjectDetail` (
  `id` int(11) NOT NULL AUTO_INCREMENT,
  `idSOCIALObject` int(11) NOT NULL COMMENT 'chave estrangeira do objeto',
  `sKey` varchar(256) NOT NULL,
  `sValue` varchar(2048) NOT NULL,
  PRIMARY KEY (`id`)
) ENGINE=InnoDB  DEFAULT CHARSET=utf8 AUTO_INCREMENT=42 ;

--
-- Extraindo dados da tabela `tbSOCIALObjectDetail`
--

INSERT INTO `tbSOCIALObjectDetail` (`id`, `idSOCIALObject`, `sKey`, `sValue`) VALUES
(1, 913, 'sContent', 'Limpamos todo o banco de dados, para que possamos prosseguir com os processos de testes a partir de uma base limpa.'),
(2, 914, 'sContent', 'a'),
(3, 916, 'sMessage', 'teste'),
(4, 918, 'sContent', 'teste'),
(5, 935, 'sContent', ''),
(6, 937, 'sMessage', 'Olá João, muito legal sua mensagem de teste.'),
(7, 964, 'sContent', 'teste'),
(8, 965, 'sContent', 'titã'),
(9, 966, 'sContent', 'titã'),
(10, 967, 'sContent', 'ThunderCats'),
(11, 968, 'sContent', 'Hoooooooo'),
(12, 969, 'sContent', 'Senna1'),
(13, 970, 'sContent', 'senna2'),
(14, 975, 'sContent', 'novo teste'),
(15, 976, 'sContent', '1234'),
(16, 977, 'sContent', 'eae'),
(17, 978, 'sContent', 'comentário'),
(18, 979, 'sContent', 'Antes eu sonhava, hoje não durmo mais.'),
(19, 981, 'sContent', 'mural'),
(20, 982, 'sContent', 'novo brinquedo....'),
(21, 983, 'sContent', 'Upload de imagem'),
(22, 985, 'sContent', 'bom lugar para uma pescaria....'),
(23, 986, 'sContent', 'Segundo upload de imagem, com uma imagem menor'),
(24, 987, 'sContent', 'Amo minha sogra, que Deus a tenha, amém.'),
(25, 988, 'sContent', 'Terra, Sol, Via Láctea e estrelas'),
(26, 989, 'sContent', 'instruções'),
(27, 990, 'sContent', '57.Alegria de poste é estar no mato sem cachorro.'),
(28, 991, 'sContent', 'teste'),
(29, 992, 'sContent', 'Foto da avenida Paulista, à noite, em São Paulo.'),
(30, 993, 'sContent', 'Imagem pequena da foca'),
(31, 994, 'sContent', 'Avenida Paulista, imagem grande'),
(32, 995, 'sContent', 'Avenida paulista, nova imagem salva como jpg'),
(33, 996, 'sContent', 'Upload de imagem, teste sem verificação de tipo de arquivo'),
(34, 997, 'sContent', 'Avenida Paulista, com limite de 5MB para upload de imagem'),
(35, 1000, 'sContent', 'Upload de imagem, teste sem verificação de tipo de arquivo'),
(36, 1004, 'sContent', 'Nebulosa'),
(37, 1005, 'sContent', 'Terra e Sol vistos do espaço'),
(38, 1006, 'sContent', 'Foto pequena, não deve ser redimensionada'),
(39, 1013, 'sContent', 'Nebulosa'),
(40, 1015, 'sContent', 'Vou denunciar este comentário'),
(41, 1017, 'sContent', 'Avenida Paulista, com limite de 5MB para upload de imagem');

-- --------------------------------------------------------

--
-- Estrutura da tabela `tbSOCIALObjectProperty`
--

CREATE TABLE IF NOT EXISTS `tbSOCIALObjectProperty` (
  `id` int(11) NOT NULL AUTO_INCREMENT COMMENT 'campo auto numérico',
  `idSOCIALObject` int(11) NOT NULL COMMENT 'chave estrangeira do objeto',
  `idSOCIALProperty` int(11) NOT NULL COMMENT 'chave estrangeira da propriedade',
  `sValue` varchar(255) DEFAULT NULL COMMENT 'valor da propriedade atribuída para o objeto especificado',
  PRIMARY KEY (`id`,`idSOCIALObject`,`idSOCIALProperty`)
) ENGINE=InnoDB  DEFAULT CHARSET=utf8 AUTO_INCREMENT=1084 ;

--
-- Extraindo dados da tabela `tbSOCIALObjectProperty`
--

INSERT INTO `tbSOCIALObjectProperty` (`id`, `idSOCIALObject`, `idSOCIALProperty`, `sValue`) VALUES
(1, 1, 1, 'Rafael Henrique Barbosa de Sousa'),
(2, 1, 3, 'rafael@saboia.com.br'),
(3, 1, 16, '5ab0!a'),
(4, 1, 4, '11/09/1983'),
(13, 1, 2, '/umdeus-redesocial/social/images/ef08472db785e55774194b8615ee9813.jpg'),
(130, 66, 1, 'Diogo'),
(131, 66, 3, 'diogo@diogodinapoli.com'),
(132, 66, 16, 'umdeus2011'),
(133, 66, 4, '27/12/1977'),
(134, 66, 5, 'BR'),
(135, 66, 6, 'SP'),
(136, 66, 7, 'Santana de Parnaíba'),
(137, 66, 8, '05063-001'),
(138, 66, 2, '/umdeus-redesocial/social/upload/avatar.png'),
(148, 70, 1, 'Paulo Bambini Vasconcellos'),
(149, 70, 3, 'paulo@correntedeluz.com'),
(150, 70, 16, '111111'),
(151, 70, 4, '11/04/1973'),
(152, 70, 5, 'BR'),
(153, 70, 6, 'SP'),
(154, 70, 7, 'Santana de Parnaíba'),
(155, 70, 8, '06541-050'),
(156, 70, 2, NULL),
(353, 134, 1, 'João Mazzsa'),
(354, 134, 3, 'joao.mazza@hotmail.com'),
(355, 134, 16, '5ab0!a'),
(356, 134, 4, '14/08/1989'),
(357, 134, 5, 'BR'),
(358, 134, 6, 'SP'),
(359, 134, 7, 'São Paulo'),
(360, 134, 8, '00502-010'),
(361, 134, 2, '/umdeus-redesocial/social/upload/Ninfeias.jpg'),
(381, 1, 5, 'BR'),
(382, 1, 6, 'AC'),
(383, 1, 7, 'Rio Branco'),
(384, 1, 8, '05102-090'),
(415, 1, 17, NULL),
(416, 1, 24, NULL),
(699, 134, 17, NULL),
(700, 134, 24, NULL),
(739, 788, 1, 'Marcelo Oliveira'),
(740, 788, 3, 'marcellobo@yahoo.com.br'),
(741, 788, 16, 'goin'),
(742, 788, 4, '24/09/1976'),
(743, 788, 5, 'BR'),
(744, 788, 6, 'SP'),
(745, 788, 7, 'sao paulo'),
(746, 788, 8, '02257-030'),
(747, 788, 2, NULL),
(1015, 788, 17, NULL),
(1016, 788, 24, NULL),
(1018, 917, 51, 'outro'),
(1019, 917, 52, 'Conteúdo de teste'),
(1020, 938, 1, 'william campanari'),
(1021, 938, 3, 'william@saboia.com.br'),
(1022, 938, 16, 'senha1234'),
(1023, 938, 4, '31/02/1978'),
(1024, 938, 5, 'BR'),
(1025, 938, 6, 'SP'),
(1026, 938, 7, 'Marília'),
(1027, 938, 8, '05593-090'),
(1028, 938, 2, '/umdeus-redesocial/social/images/28cc741f474d6784887cd8029bcbe1a6.jpg'),
(1029, 964, 25, '{"thumb":"/umdeus-redesocial/social/images/964-thumb.jpg","link":"/umdeus-redesocial/social/images/964.jpg"}'),
(1030, 965, 25, '{"thumb":"/umdeus-redesocial/social/images/965-thumb.png","link":"/umdeus-redesocial/social/images/965.png"}'),
(1031, 966, 25, '{"thumb":"/umdeus-redesocial/social/images/966-thumb.jpg","link":"/umdeus-redesocial/social/images/966.jpg"}'),
(1032, 967, 25, '{"thumb":"/umdeus-redesocial/social/images/967-thumb.jpg","link":"/umdeus-redesocial/social/images/967.jpg"}'),
(1033, 968, 25, '{"thumb":"/umdeus-redesocial/social/images/968-thumb.jpg","link":"/umdeus-redesocial/social/images/968.jpg"}'),
(1034, 970, 25, '{"thumb":"/umdeus-redesocial/social/images/970-thumb.jpg","link":"/umdeus-redesocial/social/images/970.jpg"}'),
(1035, 980, 9, 'Nome'),
(1036, 980, 18, '2'),
(1037, 980, 10, 'Sobre'),
(1038, 980, 19, 'www.site.com.br'),
(1039, 980, 12, 'BR'),
(1040, 980, 13, 'SP'),
(1041, 980, 14, 'Santos'),
(1042, 980, 15, '11030-180'),
(1043, 980, 20, 'Endereço'),
(1044, 980, 21, 'complemento'),
(1045, 980, 22, 'bairro'),
(1046, 982, 25, '{"thumb":"/umdeus-redesocial/social/images/982-thumb.jpg","link":"/umdeus-redesocial/social/images/982.jpg"}'),
(1047, 985, 25, '{"thumb":"/umdeus-redesocial/social/images/985-thumb.jpg","link":"/umdeus-redesocial/social/images/985.jpg"}'),
(1048, 938, 17, NULL),
(1049, 938, 24, NULL),
(1051, 986, 25, '{"thumb":"/umdeus-redesocial/social/images/986-thumb.jpg","link":"/umdeus-redesocial/social/images/986.jpg"}'),
(1052, 988, 25, '{"thumb":"/umdeus-redesocial/social/images/988-thumb.jpg","link":"/umdeus-redesocial/social/images/988.jpg"}'),
(1053, 989, 39, '3'),
(1054, 989, 40, 'Velho Oeste'),
(1055, 989, 41, '10/10/2011'),
(1056, 989, 42, '10/10/2020'),
(1057, 989, 43, '3'),
(1058, 989, 44, '6'),
(1059, 989, 45, '19:00:00'),
(1060, 989, 46, 'BR'),
(1061, 989, 47, 'SP'),
(1062, 989, 48, 'São Paulo'),
(1063, 989, 49, 'www.site.com.br'),
(1064, 993, 25, '{"thumb":"/umdeus-redesocial/social/images/993-thumb.jpg","link":"/umdeus-redesocial/social/images/993.jpg"}'),
(1065, 1004, 25, '{"thumb":"/umdeus-redesocial/social/images/1004-thumb.jpg","link":"/umdeus-redesocial/social/images/1004.jpg"}'),
(1066, 1005, 25, '{"thumb":"/umdeus-redesocial/social/images/1005-thumb.jpg","link":"/umdeus-redesocial/social/images/1005.jpg"}'),
(1067, 1006, 25, '{"thumb":"/umdeus-redesocial/social/images/1006-thumb.jpg","link":"/umdeus-redesocial/social/images/1006.jpg"}'),
(1068, 1007, 51, 'outro'),
(1069, 1007, 52, 'teste que deu errado'),
(1070, 1008, 51, 'outro'),
(1071, 1008, 52, 'teste que deu errado'),
(1072, 1009, 51, 'outro'),
(1073, 1009, 52, 'teste que deu errado'),
(1074, 1010, 51, 'outro'),
(1075, 1010, 52, 'teste que deu errado'),
(1076, 1011, 51, 'outro'),
(1077, 1011, 52, 'teste que deu errado'),
(1078, 1012, 51, 'outro'),
(1079, 1012, 52, 'teste que deu errado'),
(1080, 1014, 51, 'outro'),
(1081, 1014, 52, 'teste que deu errado'),
(1082, 1016, 51, 'outro'),
(1083, 1016, 52, 'apenas um teste de denúncia de comentário');

-- --------------------------------------------------------

--
-- Estrutura da tabela `tbSOCIALProperty`
--

CREATE TABLE IF NOT EXISTS `tbSOCIALProperty` (
  `id` int(11) NOT NULL AUTO_INCREMENT COMMENT 'campo auto numérico',
  `sKey` varchar(256) NOT NULL COMMENT 'token usado para identificação da propriedade',
  `sDisplayName` varchar(256) NOT NULL COMMENT 'nome da propriedade para exibição em tela',
  `iObjectType` int(11) NOT NULL COMMENT 'tipo de objeto ao qual esta propriedade pode ser atribuída',
  PRIMARY KEY (`id`)
) ENGINE=InnoDB  DEFAULT CHARSET=utf8 AUTO_INCREMENT=53 ;

--
-- Extraindo dados da tabela `tbSOCIALProperty`
--

INSERT INTO `tbSOCIALProperty` (`id`, `sKey`, `sDisplayName`, `iObjectType`) VALUES
(1, 'sFullName', 'Nome Completo', 1),
(2, 'sAvatarPath', 'Avatar', 1),
(3, 'sEmail', 'Email', 1),
(4, 'dtBirthday', 'Data de Nascimento', 1),
(5, 'idADMINCountry', 'País', 1),
(6, 'idADMINState', 'Estado', 1),
(7, 'idADMINCity', 'Cidade', 1),
(8, 'sPostalCode', 'Código Postal', 1),
(9, 'sFullName', 'Nome Completo', 2),
(10, 'sDescription', 'Descrição', 2),
(11, 'sAvatarPath', 'Imagem', 2),
(12, 'idADMINCountry', 'País', 2),
(13, 'idADMINState', 'Estado', 2),
(14, 'idADMINCity', 'Cidade', 2),
(15, 'sPostalCode', 'Código Postal', 2),
(16, 'sPassword', 'Senha', 1),
(17, 'fShowEmail', 'Exibir meu email em meu perfil', 1),
(18, 'iPageType', 'Tipo de Página', 2),
(19, 'sSite', 'Site da Instituição', 2),
(20, 'sAddress', 'Endereço', 2),
(21, 'sComplement', 'Complemento', 2),
(22, 'sNeighborhood', 'Bairro', 2),
(23, 'sDataVideo', 'Video', 3),
(24, 'sSecondaryEmail', 'Email Secundário', 1),
(25, 'sDataPhoto', 'Caminho da imagem', 9),
(26, 'sDisplayName', 'Título do Evento', 7),
(27, 'sDescription', 'Descrição', 7),
(28, 'sAvatarPath', 'Imagem', 7),
(29, 'sSite', 'Site', 7),
(30, 'sAddress', 'Endereço', 7),
(31, 'sComplement', 'Complemento', 7),
(32, 'idADMINCountry', 'País', 7),
(33, 'idADMINState', 'Estado', 7),
(34, 'idADMINCity', 'Cidade', 7),
(35, 'sPostalCode', 'Código Postal', 7),
(36, 'sNeighborhood', 'Bairro', 7),
(37, 'tsBegin', 'Data / Hora de início', 7),
(38, 'tsEnd', 'Data / Hora de término', 7),
(39, 'iGroupType', 'Objetivo', 5),
(40, 'sGroupTheme', 'Tema', 5),
(41, 'dtBegin', 'Data de início', 5),
(42, 'dtEnd', 'data de término', 5),
(43, 'iPeriodicity', 'Periodicidade', 5),
(44, 'iPeriodicityDetail', 'Detalhes de periodicidade', 5),
(45, 'tsOracao', 'Hora local da oração', 5),
(46, 'idADMINCountry', 'País', 5),
(47, 'idADMINState', 'Estado', 5),
(48, 'idADMINCity', 'Cidade', 5),
(49, 'sSite', 'Site', 5),
(50, 'sAvatarPath', 'Imagem', 5),
(51, 'sAbuseType', 'Tipo de Abuso', 12),
(52, 'sDescription', 'Descrição', 12);

-- --------------------------------------------------------

--
-- Estrutura da tabela `tbSOCIALTimeline`
--

CREATE TABLE IF NOT EXISTS `tbSOCIALTimeline` (
  `id` int(11) NOT NULL AUTO_INCREMENT,
  `idOwner` int(11) NOT NULL COMMENT 'chave estrangeira do objeto proprietário do registro',
  PRIMARY KEY (`id`)
) ENGINE=MyISAM DEFAULT CHARSET=utf8 AUTO_INCREMENT=1 ;

-- --------------------------------------------------------

--
-- Estrutura da tabela `tbSOCIAL_DOCAssociationType`
--

CREATE TABLE IF NOT EXISTS `tbSOCIAL_DOCAssociationType` (
  `iType` int(11) NOT NULL,
  `sKey` varchar(256) NOT NULL,
  `sComment` text NOT NULL
) ENGINE=MyISAM DEFAULT CHARSET=utf8;

--
-- Extraindo dados da tabela `tbSOCIAL_DOCAssociationType`
--

INSERT INTO `tbSOCIAL_DOCAssociationType` (`iType`, `sKey`, `sComment`) VALUES
(1, 'FRIENDSHIP', ''),
(2, 'PAGE', ''),
(3, 'POST', ''),
(4, 'COMMENT', ''),
(5, 'GROUP', ''),
(6, 'MESSAGE', ''),
(7, 'PHOTO', ''),
(8, 'ALBUM', ''),
(9, 'CONVERSATION', ''),
(10, 'EVENT', ''),
(11, 'AFFINITY', ''),
(12, 'REPORT', '');

-- --------------------------------------------------------

--
-- Estrutura da tabela `tbSOCIAL_DOCObjectAssociationType`
--

CREATE TABLE IF NOT EXISTS `tbSOCIAL_DOCObjectAssociationType` (
  `iType` int(11) NOT NULL,
  `sKey` varchar(256) NOT NULL,
  `sComment` text NOT NULL
) ENGINE=MyISAM DEFAULT CHARSET=utf8;

--
-- Extraindo dados da tabela `tbSOCIAL_DOCObjectAssociationType`
--

INSERT INTO `tbSOCIAL_DOCObjectAssociationType` (`iType`, `sKey`, `sComment`) VALUES
(1, 'FRIEND', ''),
(2, 'INVITED_FRIEND', ''),
(3, 'OBJECT', ''),
(4, 'OWNER', ''),
(5, 'LIKER', ''),
(6, 'BOOKMARK', ''),
(7, 'FOLLOWER', ''),
(8, 'REFERRED', ''),
(9, 'PAGEPARTICIPANT', 'Participante da Página'),
(10, 'SUPPORTER', ''),
(11, 'SENDER', ''),
(12, 'RECEIVER', ''),
(13, 'ADMINISTRATOR', ''),
(14, 'MEMBER', ''),
(15, 'PARTICIPANT', 'Participante de uma Conversação'),
(16, 'CONVERSA', ''),
(17, 'ORIGINAL', 'Post original que gerou um compartilhamento'),
(18, 'AFFINITYFOLLOWER', ''),
(19, 'PHOTOCAPA', '');

-- --------------------------------------------------------

--
-- Estrutura da tabela `tbSOCIAL_DOCObjectType`
--

CREATE TABLE IF NOT EXISTS `tbSOCIAL_DOCObjectType` (
  `iType` int(11) NOT NULL,
  `sKey` varchar(256) NOT NULL,
  `sComment` text NOT NULL
) ENGINE=MyISAM DEFAULT CHARSET=utf8;

--
-- Extraindo dados da tabela `tbSOCIAL_DOCObjectType`
--

INSERT INTO `tbSOCIAL_DOCObjectType` (`iType`, `sKey`, `sComment`) VALUES
(1, 'PROFILE', ''),
(2, 'PAGE', ''),
(3, 'POST', ''),
(4, 'COMMENT', ''),
(5, 'GROUP', ''),
(6, 'MESSAGE', ''),
(7, 'EVENT', ''),
(8, 'ALBUM', ''),
(9, 'PHOTO', ''),
(10, 'AFFINITY', 'Afinidades espirituais'),
(11, 'CONVERSATION', ''),
(12, 'REPORT', '');

/*!40101 SET CHARACTER_SET_CLIENT=@OLD_CHARACTER_SET_CLIENT */;
/*!40101 SET CHARACTER_SET_RESULTS=@OLD_CHARACTER_SET_RESULTS */;
/*!40101 SET COLLATION_CONNECTION=@OLD_COLLATION_CONNECTION */;
